id,customerID,mod_time,client_name,client_eic,gas_node,gas_operator,serNUM,mfDEV,typeDEV,chNUM,address,scenario,consumer_client_id
1,6,"2019-01-16 15:30:11","Потребитель 1т",56XSO00000000001,000000000011,GAS_1,195,1,12,0,0,hourly,1
2,6,"2019-01-16 15:31:11","Потребитель 1т",56XSO00000000001,000000000012,GAS_1,2906,1,2,0,0,hourly,1
3,6,"2019-01-16 15:32:11","Потребитель 2т",56XSO00000000002,000000000021,GAS_2,4588,1,5,0,0,hourly,2
4,6,"2019-01-16 15:33:11","Потребитель 3т",56XSO00000000003,000000000031,GAS_3,5256,1,5,0,0,hourly,3
5,4,"2019-02-22 10:52:46","ПрАТ "АвтоКрАЗ"",56XO00005MGKF00C,0411,KREMENCHUKGAS,8148,1,5,0,0,hourly,4
6,4,"2019-02-22 10:53:46","ПрАТ "Кременчукм'ясо"",56XO0000U1W0Q00U,0421,KREMENCHUKGAS,8431,1,5,0,0,hourly,5
7,4,"2019-02-22 10:54:46","АТ "Галичфарм"",56XO00005M88500C,0431,LVIVGAS,4984,1,8,0,0,hourly,6
8,5,"2019-02-26 12:00:13","ФОП "Карабак Людмила Хухутовна"",56XO00063011600G,0511,DNIPROGAS,52257,1,24,0,0,hourly,7
9,18,"2019-02-28 13:31:11","Потребитель 1_1",56XSO000000001801,01811,DNIPROGAS,6178,1,5,0,0,hourly,8
10,18,"2019-02-28 13:32:11","Потребитель 1_2",56XSO000000001802,01821,GAS_2,2274,1,2,0,0,hourly,9
11,6,"2019-02-28 13:33:11","Потребитель 1_3",56XSO000000001803,01831,GAS_3,8375,1,5,0,0,hourly,10
12,6,"2019-02-28 13:34:11","Потребитель 1_3",56XSO000000001803,01832,DNIPROGAS,6995,1,5,0,0,hourly,10
13,5,"2019-03-01 15:17:55","ПРАО Термолайф",56XSO00000000051,0521,KHARKIVMISKGAS,7668,1,5,0,0,hourly,12
14,4,"2019-03-01 15:18:55","ПрАТ "АвтоКрАЗ"",56XO00005MGKF00C,0412,KREMENCHUKGAS,5984,1,5,0,0,hourly,4
15,6,"2019-03-01 17:39:55","ДП "Закупянский кар'єр"",56XSO00000000071,0711,KHMELNYTSCGAS,7821,1,5,0,0,hourly,13
16,7,"2019-03-06 18:11:33","ПАТ "Мена Пак"",56XSO00000000072,0721,CHERNIGIVGAS,5407,1,5,0,0,hourly,14
17,7,"2019-03-06 18:12:33","ПАТ "Мена Пак"",56XSO00000000072,0722,CHERNIGIVGAS,2742,1,2,0,0,hourly,14
18,7,"2019-03-06 18:13:33","ТОВ "Органік мілк"",56XSO00000000073,0731,ZHYTOMYRGAS,1490,1,11,0,0,hourly,15
19,7,"2019-03-06 18:14:33","ТОВ "Марія"",56XSO00000000074,0741,LVIVGAS,7673,1,5,0,0,hourly,16
20,7,"2019-03-06 18:15:33","ТОВ "Ростра"",56XSO00000000075,0751,CHERNIGIVGAS,1500,1,11,0,0,hourly,17
21,7,"2019-03-06 18:16:33","ТОВ "ВіДі Автострада"",56XSO00000000076,0761,KYIVGAS,2087,1,2,0,0,hourly,18
22,7,"2019-03-06 18:17:33","ТОВ "ВіДі Автосіті Кільцева"",56XSO00000000077,0771,KYIVGAS,3414,1,2,0,0,hourly,19
23,4,"2019-03-12 16:24:11","ПАТ "Бердічевський машинобудівний завод "Прогрес"",56XO0000061BU00H,0441,ZHYTOMYRGAS,10139,3,2,0,0,hourly,20
24,4,"2019-03-12 16:25:11","ПАТ "Бердічевський машинобудівний завод "Прогрес"",56XO0000061BU00H,0442,ZHYTOMYRGAS,10191,3,2,0,0,hourly,20
25,4,"2019-03-12 16:26:11","АТ "Галичфарм"",56XO00005M88500C,0432,LVIVGAS,11148,3,2,0,0,hourly,6
26,4,"2019-03-12 16:27:11","АТ "Галичфарм"",56XO00005M88500C,0433,LVIVGAS,11148,3,2,1,0,hourly,6
27,7,"2019-03-15 12:38:11","ТОВ "Скриня плюс"",56XSO00000000078,0781,LVIVGAS,5548,3,2,0,0,hourly,21
28,8,"2019-03-19 14:13:29","КП "Теплоенергетик"(Могилів-Подільск)",56XSO00000000081,0811,VINNITCAGAS,998,1,11,0,0,hourly,22
29,8,"2019-03-19 14:14:29","МКП "Енергоресурс"",56XSO00000000082,0821,VINNITCAGAS,753,1,11,0,0,hourly,23
30,8,"2019-03-19 14:15:29","КП "Теплозабезпечення" (Коростень)",56XSO00000000083,0831,ZHYTOMYRGAS,20873,1,15,0,0,hourly,24
31,8,"2019-03-19 14:16:29","Котельня КП "Озерне"",56XSO00000000084,0841,ZHYTOMYRGAS,1444,1,11,0,0,hourly,25
32,8,"2019-03-19 14:17:29","ТОВ "Крігер Енергія"",56XSO00000000085,0851,ZHYTOMYRGAS,2327,1,2,0,0,hourly,26
33,8,"2019-03-19 14:18:29","КП "Андріївська тепломережа"",56XSO00000000086,0861,ZAPORIZHGAS,6927,1,5,0,0,hourly,27
34,8,"2019-03-19 14:19:29","Барський ГПК ім.Грушевського (Гуртожиток 2)",56XSO00000000087,0871,VINNITCAGAS,260,1,12,0,0,hourly,28
35,8,"2019-03-19 14:20:29","Вінницький коледж НУХТ",56XSO00000000088,0881,VINNITCAGAS,21527,1,15,0,0,hourly,29
36,8,"2019-03-19 14:21:29","ОСББ "Гагарінський 2010" ",56XSO00000000089,0891,DNIPROGAS,7303,1,5,0,0,hourly,30
37,8,"2019-03-19 14:22:29","ОК "Будинок 27 Д"",56XSO00000000810,08101,DNIPROGAS,6784,1,5,0,0,hourly,31
38,8,"2019-03-19 14:23:29","ОСББ "Дарницька 19"",56XSO00000000811,08111,DNIPROGAS,5237,1,5,0,0,hourly,32
39,8,"2019-03-19 14:24:29","КП "Новотроїцький сількомунгосп"",56XSO00000000812,08121,ZAPORIZHGAS,6790,1,5,0,0,hourly,33
40,8,"2019-03-19 14:25:29","КП "Червонопільський сількомунгосп"",56XSO00000000813,08131,ZAPORIZHGAS,1613,1,4,0,0,hourly,34
41,7,"2019-04-01 14:21:11","ПБП "ВИМАЛ"",56XSO00000000079,0791,CHERNIGIVGAS,550,1,11,0,0,hourly,35
42,7,"2019-04-01 14:22:11","ПБП "ВИМАЛ"",56XSO00000000079,0792,CHERNIGIVGAS,1402,1,2,0,0,hourly,35
43,9,"2019-04-03 15:41:19","ТОВ "Бердичівський пивоварний завод" ",56XSO00000000091,0911,ZHYTOMYRGAS,3515,3,2,0,0,hourly,36
44,9,"2019-04-03 15:42:19","СТОВ "Батьківщина" (Прилуки)",56XSO00000000092,0921,CHERNIGIVGAS,3614,1,2,0,0,hourly,37
45,9,"2019-04-03 15:43:19","СТОВ "Батьківщина"  (Срібне)",56XSO00000000093,0931,CHERNIGIVGAS,2761,1,2,0,0,hourly,38
46,9,"2019-04-03 15:44:19","ПрАТ "Березнівське птахопідприємство" ",56XSO00000000094,0941,RIVNEGAS,2766,1,2,0,0,hourly,39
47,6,"2019-04-03 16:44:19","Потребитель 4 ",56XSO00000000007,000000000072,GAS_1,10191,3,2,0,0,hourly,NULL
48,10,"2019-04-24 19:05:57","ТОВ "Сучасна Архітектура Міст"",56XSO00000001001,1012,KYIVOBLGAS,7817,1,5,0,0,hourly,40
49,11,"2019-04-25 09:56:11","ТОВ "Берегівське хлібоприймальне підприємство"",56XO0001371H7002,1111,ZAKARPATGAS,6859,1,5,0,0,hourly,41
50,11,"2019-04-25 09:57:11","ТОВ "Берегівське хлібоприймальне підприємство"",56XO0001371H7002,1112,ZAKARPATGAS,1419,1,11,0,0,hourly,41
51,13,"2019-04-25 09:58:11","ТОВ "Носівське хлібоприймальне підприємство"",56WP41E00QLNA00N,1121,CHERNIGIVGAS,9228,3,2,0,0,hourly,42
52,13,"2019-04-25 09:59:11","ТОВ "Носівське хлібоприймальне підприємство"",56WP41E00QLNA00N,1122,CHERNIGIVGAS,5502,3,2,0,0,hourly,42
53,14,"2019-04-25 10:01:11","ТОВ "Малодівицьке хлібоприймальне підприємство"",56XO000128HLZ00Y,1131,CHERNIGIVGAS,5714,1,5,0,0,hourly,43
54,13,"2019-04-25 10:02:11","ТОВ "Носівське хлібоприймальне підприємство"",56WP41E00QLNA00N,1123,CHERNIGIVGAS,5502,3,2,1,0,hourly,42
55,12,"2019-04-25 12:07:40","ООО "Днепропресс сталь"",56XO0000UPM5S000,1211,DNIPROGAS,21358,1,15,0,0,hourly,44
56,9,"2019-04-26 15:50:11","ТОВ "Кондитерська фабрика "Квітень"",56XSO00000000095,0951,DNIPROGAS,6519,1,5,0,0,hourly,45
57,4,"2019-05-07 14:25:11","ВАТ "Полтавський ГЗК"",56XSO00000000444,0451,KREMENCHUKGAS,1282,7,2,0,0,hourly,46
58,10,"2019-05-07 19:05:57","ТОВ "Сучасна Архітектура Міст"",56XSO00000001001,1011,KYIVOBLGAS,7056,1,5,0,0,hourly,40
59,15,"2019-05-14 18:27:03","ТОВ "Метало Гальва Україна"",56XSO00000001501,1511,KYIVOBLGAS,7940,1,5,0,0,hourly,47
60,15,"2019-05-14 18:28:03","ТОВ "Метало Гальва Україна"",56XSO00000001501,1512,KYIVOBLGAS,7724,1,5,0,0,hourly,47
61,15,"2019-05-14 18:29:03","ТзОВ "Кондитерська фабрика "Ярич"",56XSO00000001502,1521,LVIVGAS,29048,2,1,0,0,hourly,48
62,15,"2019-05-14 18:30:03","ПрАТ "Теремно Хліб"",56XO00005E5JA00B,1531,VOLYNGAS,7625,1,5,0,0,hourly,49
63,15,"2019-05-14 18:31:03","ПрАТ "Теремно Хліб"",56XO00005E5JA00B,1532,VOLYNGAS,7623,1,5,0,0,hourly,49
64,15,"2019-05-14 18:32:03","ПрАТ "Компанія Ензим"",56XSO00000001504,1541,LVIVGAS,7778,3,2,0,0,hourly,50
65,15,"2019-05-14 18:33:03","ПрАТ "Компанія Ензим"",56XSO00000001504,1542,LVIVGAS,7778,3,2,1,0,hourly,50
66,15,"2019-05-14 18:34:03","ТОВ "Технокап УА"",56XSO00000001505,1551,LVIVGAS,43217,2,1,0,0,hourly,51
67,15,"2019-05-14 18:35:03","СП "Галка Лтд"",56XSO00000001506,1561,LVIVGAS,7882,1,5,0,0,hourly,52
68,17,"2019-05-20 14:04:31","ONUR Construction International",56XSO00000001701,1711,KYIVOBLGAS,6238,1,5,0,0,hourly,53
69,9,"2019-05-24 10:20:11","АТП 17461",56XSO00000000096,0961,CHERNIGIVGAS,5691,1,5,0,0,hourly,54
70,9,"2019-05-24 10:21:11","ТОВ "Кременецьке молоко"",56XSO00000000097,0971,KREMENETSKE_UPRG,7982,3,2,0,0,hourly,55
71,9,"2019-05-24 10:22:11","ТОВ "Тексил"",56XSO00000000098,0981,CHERNIGIVGAS,738,1,11,0,0,hourly,56
72,6,"2019-05-28 11:48:11","Потребитель 1",56XSO000000000301,00311,DNIPROGAS,6995,1,5,0,0,hourly,57
73,6,"2019-05-28 11:49:11","Потребитель 2",56XSO000000000302,00321,GAS_1,6178,1,5,0,0,hourly,58
74,6,"2019-05-28 11:50:11","Потребитель 3",56XSO000000000303,00331,GAS_2,2274,1,2,0,0,hourly,59
75,6,"2019-05-28 11:51:11","Потребитель 4",56XSO000000000304,00341,GAS_2,5591,1,5,0,0,hourly,60
76,6,"2019-05-28 11:52:11","Потребитель 5",56XSO000000000305,00351,GAS_3,8375,1,5,0,0,hourly,61
77,6,"2019-05-28 11:53:11","Потребитель 6",56XSO000000000306,00361,GAS_3,6928,1,5,0,0,hourly,62
78,21,"2019-06-11 16:51:16",Альянс,56XSO00000002101,2101,GAS_2,5074,1,5,0,0,hourly,63
79,21,"2019-06-11 16:51:16",Альянс,56XSO00000002102,2102,GAS_2,6200,1,5,0,0,hourly,64
80,6,"2019-10-18 17:26:06","ТОВ Сумний смайл",56XTO000000003601,0000003601,KYIVGAS,9151,3,2,0,0,hourly,90
81,6,"2019-10-24 13:28:55","Потребитель 1",56XSO000000000301,343,KREMENCHUKGAS,444,7,2,0,0,hourly,57
82,6,"2019-10-24 13:31:55","Потребитель 1",56XSO000000000301,33,KYIVGAS,44,1,13,0,0,hourly,57
83,6,"2019-10-24 16:01:14","Потребитель 1",56XSO000000000301,4443,KIROVOGRADGAS,435,4,2,0,0,hourly,57
84,6,"2019-10-24 17:24:08","Потребитель 1",56XSO000000000301,43,DNIPROGAS,5454,1,21,0,0,hourly,57
85,6,"2019-10-25 12:42:40","Потребитель 8",56XSO000000000308,345,VINNITCAGAS,53465,1,1,0,0,hourly,92
86,6,"2019-10-28 14:50:03","ТОВ Сумний смайл",56XTO000000003601,000000000,KYIVGAS,998877,1,8,0,0,hourly,90
87,6,"2019-10-28 15:04:20","ТОВ Сумний смайл",56XTO000000003601,00,KYIVGAS,24539,1,16,0,0,hourly,90
88,6,"2019-10-28 16:27:30","Потребитель 1",56XSO000000000301,0000035706,GADIACHGAS,4w353,2,2,0,0,hourly,57
89,6,"2019-10-28 21:34:44","Потребитель 10",56XSO000000000310,0000039901,VINNITCAGAS,3434,3,1,0,0,hourly,99
90,42,"2019-10-29 18:09:52",fsdgesrgwe,56XSO000000004201,0004210801,ZAKARPATGAS,wetwetwe,1,1,0,0,hourly,108
91,43,"2019-10-30 15:19:06","ТОВ "Цукерка"",56XSO000000004301,0004311101,IVANO_FRANKIVSKGAS,8562,2,2,1,0,hourly,111
92,6,"2019-10-30 16:32:15","Потребитель 14",56XSO000000000314,0000311301,VINNITCAGAS,4636346,1,1,0,0,hourly,113
93,3,"2019-10-30 16:49:46","Потребитель 17_54",56XSO000000000317,0000311701,VINNITCAGAS,32423,1,1,0,0,hourly,117
94,3,"2019-10-31 10:30:15","Потребитель 17_54",56XSO000000000317,0000311702,VINNITCAGAS,34534,1,1,0,0,hourly,117
95,6,"2019-11-01 16:58:12","Потребитель 1_44 ",56XSO000000001804,0000181102,ZHYTOMYRGAS,12,4,1,1,0,hourly,11
96,47,"2019-11-04 16:55:05","Потребитель 1",56XSO000000004701,0004712101,VINNITCAGAS,32432,1,1,0,0,hourly,121
97,47,"2019-11-04 16:57:15","Потребитель 1",56XSO000000004701,0004712101,VINNITCAGAS,3242,1,1,0,0,hourly,121
98,6,"2019-11-04 16:59:58","Потребитель 16",56XSO000000000316,0000311601,VINNITCAGAS,5434,1,1,0,0,hourly,116
99,6,"2019-11-04 17:07:15","Потребитель 15",56XSO000000000315,0000311602,VINNITCAGAS,32432,1,1,0,0,hourly,115
100,6,"2019-11-04 17:24:25","Потребитель 13",56XSO000000000313,0000310301,VINNITCAGAS,435345,1,1,0,0,hourly,103
101,6,"2019-11-04 17:25:54","Потребитель 13",56XSO000000000313,0000310302,VINNITCAGAS,3245325,1,1,0,0,hourly,103
102,6,"2019-11-04 17:26:58","Потребитель 13",56XSO000000000313,0000310303,VINNITCAGAS,5634,1,1,0,0,hourly,103
103,3,"2019-11-04 17:29:36","Потребитель 12",56XSO000000000312,0000310303,KOROSTYSHEVGAS,353245,1,13,0,0,hourly,101
104,6,"2019-11-04 17:32:43","Потребитель 12",56XSO000000000312,0000310101,VINNITCAGAS,235432,1,2,0,0,hourly,101
105,3,"2019-11-04 17:38:12","Потребитель 118",56XSO000000000311,0000310102,VINNITCAGAS,345346,1,1,0,0,hourly,100
106,47,"2019-11-04 17:44:33","Потребитель 2",56XSO000000004702,0004712201,VINNITCAGAS,534534,1,1,0,0,hourly,122
107,47,"2019-11-04 17:45:03","Потребитель 2",56XSO000000004702,0004712201,VINNITCAGAS,32,1,1,0,0,hourly,122
108,6,"2019-11-04 18:22:11","Потребитель 8",56XSO000000000308,0000039101,VINNITCAGAS,5324543,1,1,0,0,hourly,92
109,47,"2019-11-04 18:31:56","Потребитель 3",56XSO000000004703,0004712301,VINNITCAGAS,54363,1,1,0,0,hourly,123
110,47,"2019-11-04 18:37:01","Потребитель 4",56XSO000000004704,0004712401,VINNITCAGAS,43563,1,1,0,0,hourly,124
111,6,"2019-11-04 18:38:38","Потребитель 4",56XSO000000004705,0004712501,VINNITCAGAS,3425,1,1,0,0,hourly,125
112,6,"2019-11-04 18:39:11","Потребитель 4",56XSO000000004705,0004712502,VINNITCAGAS,34563,2,1,0,0,hourly,125
113,47,"2019-11-04 18:45:44","Потребитель 5",56XSO000000004706,0004712601,VINNITCAGAS,5334,1,1,0,0,hourly,126
114,47,"2019-11-04 18:46:15","Потребитель 5",56XSO000000004706,0004712602,VINNITCAGAS,56475,1,1,0,0,hourly,126
115,6,"2019-11-05 10:36:04","ТОВ "Розрахунок"",56XSO000000004801,0004812801,DNIPROGAS,21,1,8,1,0,hourly,128
116,48,"2019-11-05 10:37:15","ТОВ "Розрахунок"",56XSO000000004801,0004812801,DNIPROGAS,31,1,1,1,0,hourly,128
117,47,"2019-11-06 00:04:38","Потребитель 6",56XSO000000004707,0004712701,VINNITCAGAS,34,1,1,0,0,hourly,127
118,49,"2019-11-07 13:40:16","Потребитель 1",56XSO000000004901,0004912901,VINNITCAGAS,34563,1,1,0,0,hourly,129
119,49,"2019-11-07 13:40:54","Потребитель 1",56XSO000000004901,0004912902,VINNITCAGAS,54646,1,1,0,0,hourly,129
120,49,"2019-11-07 13:45:59","Потребитель 2",56XSO000000004902,0004913001,VINNITCAGAS,5464,1,1,0,0,hourly,130
121,49,"2019-11-07 13:46:37","Потребитель 2",56XSO000000004902,0004913002,VINNITCAGAS,34534,2,1,0,0,hourly,130
122,6,"2019-11-07 13:57:58","Потребитель 3",56XSO000000004903,0004913101,VINNITCAGAS,54325,1,1,0,0,hourly,131
123,49,"2019-11-07 13:59:13","Потребитель 3",56XSO000000004903,0004913102,VINNITCAGAS,32534,2,1,0,0,hourly,131
124,6,"2019-11-12 09:11:48","Потребитель 1_44",56XSO000000001804,0000181103,DNIPROGAS,20022,1,19,0,0,hourly,11
125,6,"2019-11-12 09:12:38","Потребитель 1_44",56XSO000000001804,0000181104,DNIPROGAS,2223,2,3,0,0,hourly,11
126,49,"2019-11-13 09:13:28","Потребитель 4",56XSO000000004904,0004913201,VINNITCAGAS,555,1,1,0,0,hourly,132
127,49,"2019-11-13 09:14:39","Потребитель 5",56XSO000000004905,0004913301,VINNITCAGAS,555,1,1,0,0,hourly,133
128,49,"2019-11-13 09:15:05","Потребитель 5",56XSO000000004905,0004913302,VINNITCAGAS,111,1,1,0,0,hourly,133
129,51,"2019-11-13 10:58:02",Тест,56XSO000000005101,0005113501,DNIPROGAS,12,3,1,1,0,hourly,135
130,51,"2019-11-13 10:58:43",Тест,56XSO000000005101,0005113502,DNIPROGAS,122,2,1,0,0,hourly,135
131,6,"2019-11-27 17:11:04","Потребитель 1",56XSO000000005201,0005213801,VOLYNGAS,324543,9,1,0,0,hourly,138
132,58,"2020-01-29 16:34:49","предприятие 2",56XSO000000005802,0005815901,VINNITCAGAS,3434,3,1,0,0,hourly,159
133,58,"2020-01-29 16:35:33","предприятие 2",56XSO000000005802,0005815902,VINNITCAGAS,5454,1,23,0,0,hourly,159
134,58,"2020-01-29 16:36:12","предприятие 1",56XSO000000005801,0005815801,KIROVOGRADGAS,2388,4,1,0,0,hourly,158
135,58,"2020-01-29 16:39:26","предприятие 3",56XSO000000005803,0005816001,VINNITCAGAS,21,1,8,0,0,hourly,160
136,58,"2020-02-04 11:07:35",УкрГазТех,56XSO000000005804,0005816101,VINNITCAGAS,1551,5,16,0,0,hourly,161
137,58,"2020-02-10 14:01:33",УкрГазТех,56XSO000000005804,0005816102,ZHYTOMYRGAS,51847,5,12,0,0,hourly,161
138,6,"2020-02-25 17:10:45","Потребитель 4",56XSO000000000304,0000036002,VINNITCAGAS,8062,3,2,0,"м.Одеса, вул.Рішельєвська, буд.56, кв.870",hourly,60
139,6,"2020-02-25 17:11:18","Потребитель 4",56XSO000000000304,0000036003,VINNITCAGAS,8062,3,2,1,0,hourly,60
140,65,"2020-03-06 10:19:37",traderbot,56XSO000000006501,0006516601,GADIACHGAS,454,2,1,0,0,hourly,166
141,6,"2020-03-30 17:04:21","Первый потребитель",56XSO000000000301,0000035707,ZHYTOMYRGAS,18023,9,1,0,0,hourly,57
142,6,"2020-04-01 15:24:25","користувач тестовий перший",56XSO000000006701,0006716701,ZHYTOMYRGAS,1,1,24,1,0,hourly,167
143,6,"2020-07-20 10:49:51",Универсал,56XSO000000000318,0000316901,ZHYTOMYRGAS,7375,3,2,0,Харьков,hourly,169
144,6,"2020-07-20 10:50:24",Универсал,56XSO000000000318,0000316902,ZHYTOMYRGAS,7375,3,2,1,0,hourly,169
145,6,"2020-07-31 09:18:35","Первый потребитель",56XSO000000000301,0000035708,GADIACHGAS,5591,1,5,0,0,hourly,57
146,3,"2020-09-14 10:21:54",Универсал,56XSO000000000318,0000316903,ZAPORIZHGAS,1,2,1,0,0,hourly,169
147,6,"2021-09-28 16:20:08",Потребитель1,56XSO000000009201,0009218401,ZAPORIZHGAS,6928,1,5,0,0,hourly,184
148,93,"2021-12-14 16:07:43","Название первое",56XSO000000009301,0009318701,DNIPROPETROVSKGAS,51550,5,16,0,0,hourly,187
149,93,"2021-12-14 16:17:06","Название первое(попытка 2)",56XSO000000009302,0009318801,DNIPROPETROVSKGAS,7855,1,5,0,0,hourly,188
150,92,"2021-12-17 15:19:57",Потребитель128_2,56XSO66600009201,0009219001,KYIVGAS,7855,1,5,0,0,hourly,190
151,94,"2021-12-20 13:00:04",Tandem_1,56XSO000000009401,0009419101,ZAKARPATGAS,3429,4,1,0,0,hourly,191
152,95,"2021-12-28 10:15:42","real human bean",56XSO000000009501,0009519201,ZHYTOMYRGAS,11111,1,24,0,0,closedDay,192
153,92,"2022-01-04 09:44:44","6928 Рабочий",56XSO66600009202,0009219301,ZHYTOMYRGAS,6928,1,5,0,0,hourly,193
154,101,"2023-04-29 07:33:39",rgk,56XSO000000010101,0010122201,ZAPORIZHGAS,103943,11,1,0,,hourly,222
155,96,"2023-08-03 15:29:07","ПIДМ.АГРОМIКС ..................",96XSO004321721,0096164601,DNIPROGAS,43217,2,1,0,................................,hourly,NULL
156,96,"2023-08-03 15:29:16",РАДМИРТЕХ,96XSO0074315171,0096164701,DNIPROGAS,74315,1,71,0,Харьков,hourly,NULL
157,96,"2023-08-03 15:29:21",16469...........................,96XSO001646921,0096164801,DNIPROGAS,16469,2,1,0,................................,hourly,NULL
158,96,"2023-08-03 15:29:27","ПАО "БПТС"",96XSO00622615,0096164901,DNIPROGAS,6226,1,5,0,"КОТЕЛЬНАЯ N8",hourly,NULL
159,96,"2023-08-03 15:29:33","ТОВ-МЕТАЛО ГАЛЬВА УКРАЇНА",96XSO00794015,0096165001,DNIPROGAS,7940,1,5,0,"С. КОРЖI ВУЛ.  ГОСПОДАРСЬКА   2",hourly,NULL
160,96,"2023-08-03 15:29:42","ЗАО ПАВЛОГРАДХЛЕБ",96XSO001128111,0096165101,DNIPROGAS,1128,1,11,0,"ШУТЯ 5А                        _",hourly,NULL
161,96,"2023-08-03 15:29:48","--""--",96XSO0055522172,0096165201,DNIPROGAS,55522,1,72,0,"--""--",hourly,NULL
162,96,"2023-08-03 15:29:53","РОГАНСЬКА КФ                   _",96XSO00807215,0096165301,DNIPROGAS,8072,1,5,0,----,hourly,NULL
163,96,"2023-08-03 15:29:58",00941-2.........................,96XSO0094123,0096165401,DNIPROGAS,941,2,3,1,................................,hourly,NULL
164,96,"2023-08-03 15:30:04","Торгівельний комплекс",96XSO001124,0096165501,DNIPROGAS,1,1,24,0,"П’ятихатки ул.Вокзальна д.4",hourly,NULL
165,96,"2023-08-03 15:30:08","БАЛАКЛЕЯ ХПП",96XSO00772515,0096165601,DNIPROGAS,7725,1,5,0,"СУШКА                          _",hourly,NULL
166,96,"2023-08-03 15:30:11",Донецк,96XSO001813191,0096165701,DNIPROGAS,18131,9,1,1,Донецк,hourly,NULL
167,96,"2023-08-03 15:30:17",111,96XSO00128733111,0096165801,DNIPROGAS,128733,11,1,0,222,hourly,NULL
168,96,"2023-08-03 15:30:21","ЧАО ЗОФ",96XSO00620015,0096165901,DNIPROGAS,6200,1,5,0,"ДРАГОМИРОВКАЯ 10",hourly,NULL
169,96,"2023-08-03 15:30:27",""ПБП ВИМАЛ"" ГОЛОВНИЙ ПIДРОЗДIЛ"",96XSO00550111,0096166001,DNIPROGAS,550,1,11,0,ВОГ,hourly,NULL
170,96,"2023-08-03 15:30:34",СШ#13,96XSO00744415,0096166101,DNIPROGAS,7444,1,5,0,"УЛ.ЧЕРНОБЫЛЯ 65",hourly,NULL
171,96,"2023-08-03 15:30:40",13,96XSO0068696124,0096166201,DNIPROGAS,68696,1,24,0,"345 ул.235 д.45",hourly,NULL
172,96,"2023-08-03 15:30:43","ООО "Краматорский феросплавный",96XSO001309891,0096166301,DNIPROGAS,13098,9,1,0,Краматорск,hourly,NULL
173,96,"2023-08-03 15:30:46","КП ТЕПЛОЗАБЕЗПЕЧЕННЯ           _",96XSO0020873115,0096166401,DNIPROGAS,20873,1,15,0,"КОРОСТЕНЬ В.Б.ШОСЕ 6           _",hourly,NULL
174,96,"2023-08-03 15:30:49","ЗБОРIВ ЛIКАРНЯ  ................",96XSO00939422,0096166501,DNIPROGAS,9394,2,2,0,................................,hourly,NULL
175,96,"2023-08-03 15:30:52","ТОВ  "ТЕКССИЛ"  АГНКС",96XSO00738111,0096166601,DNIPROGAS,738,1,11,0,АГНКС,hourly,NULL
176,96,"2023-08-03 15:30:56",2,96XSO0046937124,0096166701,DNIPROGAS,46937,1,24,0,3,hourly,NULL
177,96,"2023-08-03 15:30:59","ООО-САЛТОВСКИЙ МЯСОКОМБИНАТ",96XSO00011,0096166801,DNIPROGAS,0,1,1,0,"УЛ.КРАСНОДАРСКАЯ 171Б",hourly,NULL
178,96,"2023-08-03 15:31:02","ЗБОРIВ ЦРЛ......................",96XSO00856222,0096166901,DNIPROGAS,8562,2,2,0,................................,hourly,NULL
179,96,"2023-08-03 15:31:05","ПАТ"КИIВСЬКИЙ КПК"             _",96XSO00576215,0096167001,DNIPROGAS,5762,1,5,0,DN150,hourly,NULL
180,96,"2023-08-03 15:31:08","Отіско Валентина Миколаївна",96XSO00103943111,0096167101,DNIPROGAS,103943,11,1,0,"м лоз вул Михайла Шапошникова 9",hourly,NULL
181,96,"2023-08-03 15:31:11","ПРАТ"КРЕМЕНЧУКМЯСО"            _",96XSO00843115,0096167201,DNIPROGAS,8431,1,5,0,"ЗИМОВА                         _",hourly,NULL
182,96,"2023-08-03 15:31:14",ПАТ-МОТОРСИЧ,96XSO00826215,0096167301,DNIPROGAS,8262,1,5,0,КАНЦЕРОВКА,hourly,NULL
183,96,"2023-08-03 15:31:18","ООО ДНЕПРОПРЕСС СТАЛЬ",96XSO0021358115,0096167401,DNIPROGAS,21358,1,15,0,"ПР. БОГДАНА ХМЕЛЬНИЦКОГО 139",hourly,NULL
184,96,"2023-08-03 15:31:21",Зоря,96XSO0074416124,0096167501,DNIPROGAS,74416,1,24,0,"ул.Вокзальна д.11 кв. 16",hourly,NULL
185,96,"2023-08-03 15:31:24","ООО ОК ПРИБОЙ                  _",96XSO00692815,0096167601,DNIPROGAS,6928,1,5,0,"КОММЕРЧЕСКИЙ УЗЕЛ УЧЕТА ГАЗА   _",hourly,NULL
186,96,"2023-08-03 15:31:27","ТОВ ВIДI АВТОСТРАДА",96XSO00208712,0096167701,DNIPROGAS,2087,1,2,0,,hourly,NULL
187,96,"2023-08-03 15:31:30",АМПУ,96XSO0024539116,0096167801,DNIPROGAS,24539,1,16,0,"ИЗМАИЛ АМПУ                    _",hourly,NULL
188,96,"2023-08-03 15:31:33",1,96XSO00105006111,0096167901,DNIPROGAS,105006,11,1,0,2,hourly,NULL
189,96,"2023-08-03 15:31:38","--""--",96XSO003432172,0096168001,DNIPROGAS,3432,1,72,0,"--""--",hourly,NULL
190,96,"2023-08-03 15:31:42",""ПАО БЕРДЯНСКОЕ ПТС"""""",96XSO00634715,0096168101,DNIPROGAS,6347,1,5,0,"КОТЕЛЬНАЯ N13",hourly,NULL
191,96,"2023-08-03 15:31:45",Проба_10_ЛОРПАВЫФ,96XSO0023111,0096168201,DNIPROGAS,23,1,11,0,Проба_11_ЛОРПАВЫФ,hourly,NULL
192,96,"2023-08-03 15:31:49","ПАТ"МЕНА ПАК"",96XSO00540715,0096168301,DNIPROGAS,5407,1,5,0,КОТЕЛЬНЯ,hourly,NULL
193,96,"2023-08-03 15:31:52",***,96XSO0049924171,0096168401,DNIPROGAS,49924,1,71,0,***,hourly,NULL
194,96,"2023-08-03 15:31:55","ПАТ "Укртелеком№ ЦЕЗ %",96XSO0062166124,0096168501,DNIPROGAS,62166,1,24,0,"Кременець ул.Шевченка д.60",hourly,NULL
195,96,"2023-08-03 15:31:58",---,96XSO0028560124,0096168601,DNIPROGAS,28560,1,24,0,55555555555555555555,hourly,NULL
196,96,"2023-08-03 15:32:01","ЧАО "УКРГРАФИТ"",96XSO00617815,0096168701,DNIPROGAS,6178,1,5,0,"ТРУБОПРОВОД ГРП",hourly,NULL
197,96,"2023-08-03 15:32:04",ГОРОДНЯ.НЕЗАЛ.58................,96XSO001761221,0096168801,DNIPROGAS,17612,2,1,0,................................,hourly,NULL
198,96,"2023-08-03 15:32:07","НовоселківськаЗОШ Підгаєцький",96XSO00458815,0096168901,DNIPROGAS,4588,1,5,0,котельн,hourly,NULL
199,96,"2023-08-03 15:32:10",RT,96XSO00170615111,0096169001,DNIPROGAS,170615,11,1,0,"Героїв Харкова",hourly,NULL
200,96,"2023-08-03 15:32:13","ЧАО-БПТС                       _",96XSO00242112,0096169101,DNIPROGAS,242,1,12,0,"КОТЕЛЬНАЯ 15                   _",hourly,NULL
201,96,"2023-08-03 15:32:16",Проба,96XSO0074889124,0096169201,DNIPROGAS,74889,1,24,0,Москва,hourly,NULL
202,96,"2023-08-03 15:32:20","ТзОВ "Бучачагрохлібпром" (суперм",96XSO0060240124,0096169301,DNIPROGAS,60240,1,24,0,"Бучач ул.Галицька д.16",hourly,NULL
203,96,"2023-08-03 15:32:25","КП"ТЕПЛОЕНЕРГЕТИК"",96XSO00998111,0096169401,DNIPROGAS,998,1,11,0,"МОГИЛЕВ-ПОДОЛЪСКИЙ ПОЛТАВСКАЯ 23",hourly,NULL
204,96,"2023-08-03 15:32:28",П`ятихатки,96XSO0028191124,0096169501,DNIPROGAS,28191,1,24,0,"ул.Київська д.  110 кв.",hourly,NULL
205,96,"2023-08-03 15:32:31",Зоря,96XSO0070452124,0096169601,DNIPROGAS,70452,1,24,0,"ул.Вокзальна д.11 кв. 16",hourly,NULL
206,96,"2023-08-03 15:32:34","ОК"БУДИНОК 27 Д"",96XSO00678415,0096169701,DNIPROGAS,6784,1,5,0,"ПР.КИРОВА,-27Д",hourly,NULL
207,96,"2023-08-03 15:32:40","ПАО "БЕРДЯНСКОЕ ПТС"",96XSO00633315,0096169801,DNIPROGAS,6333,1,5,0,"КОТЕЛЬНАЯ N22",hourly,NULL
208,96,"2023-08-03 15:32:44","СТОВ БАТЬКIВЩИНА               _",96XSO00361412,0096169901,DNIPROGAS,3614,1,2,0,"ВУЗОЛ ОБЛIКУ                   _",hourly,NULL
209,96,"2023-08-03 15:32:54","ПРАТ КОМБИНАТ ПРИДНЕПРОВСКИЙ",96XSO001265111,0096170001,DNIPROGAS,1265,1,11,0,,hourly,NULL
210,96,"2023-08-03 15:32:59","ТКЕ КОНОВАЛ 132Л................",96XSO0065823,0096170101,DNIPROGAS,658,2,3,1,................................,hourly,NULL
211,96,"2023-08-03 15:33:06","--""--",96XSO0079065171,0096170201,DNIPROGAS,79065,1,71,0,"--""--",hourly,NULL
212,96,"2023-08-03 15:33:09","ДПЗАКУПНЯНСКИЙ КАРЭР",96XSO00782115,0096170301,DNIPROGAS,7821,1,5,0,ЦВБ-,hourly,NULL
213,96,"2023-08-03 15:33:16","КОРОПЕЦЬКИЙ ЛIЦЕЙ-IНТЕРНАТ     _",96XSO00290612,0096170401,DNIPROGAS,2906,1,2,0,1---,hourly,NULL
214,96,"2023-08-03 15:33:24","ТОВ"АМТТ"",96XSO00781715,0096170501,DNIPROGAS,7817,1,5,0,"С.КРЮКОВЩИНА,ВУЛ.БАЛУКОВА 1",hourly,NULL
215,96,"2023-08-03 15:33:35",""ПАТКИIВСЬКИЙ КПК""",96XSO00649615,0096170601,DNIPROGAS,6496,1,5,0,"DN 250",hourly,NULL
216,96,"2023-08-03 15:33:46","Нібулон м. Градіжск",96XSO00414915,0096170701,DNIPROGAS,4149,1,5,0,0504933640,hourly,NULL
217,96,"2023-08-03 15:33:55","ПАО "БПТС"",96XSO00622815,0096170801,DNIPROGAS,6228,1,5,0,"КОТЕЛЬНАЯ N7",hourly,NULL
218,96,"2023-08-03 15:34:02","ОСМД БЕСТУЖЕВСКИЕ САДЫ         _",96XSO001085111,0096170901,DNIPROGAS,1085,1,11,0,----,hourly,NULL
219,96,"2023-08-03 15:34:27","КП-ХТС  ХОЛОДНОГОРСКИЙ Ф-Л",96XSO0055012,0096171001,DNIPROGAS,550,1,2,0,"МУРАТОВА,7",hourly,NULL
220,96,"2023-08-03 15:34:34","ПАТ"МЕНА ПАК"",96XSO00274212,0096171101,DNIPROGAS,2742,1,2,0,ТЕПЛОГЕНЕРАТОР,hourly,NULL
221,96,"2023-08-03 15:34:45","ПРАТ"АТП-17461"                _",96XSO00569115,0096171201,DNIPROGAS,5691,1,5,0,"АГНКС                          _",hourly,NULL
222,96,"2023-08-03 15:34:56","ООО"МСЗ"",96XSO00699515,0096171301,DNIPROGAS,6995,1,5,0,"ЛИНИЯ 1",hourly,NULL
223,96,"2023-08-03 15:35:09","ЧАО "КЗТП"",96XSO001802391,0096171401,DNIPROGAS,18023,9,1,0,"М.Петренка 77 Краматорск",hourly,NULL
224,96,"2023-08-03 15:35:13",Проба_ПРОБА_ЯЦХЭ,96XSO002124,0096171501,DNIPROGAS,2,1,24,0,"П’ятихатки ул.Вокзальна д.4",hourly,NULL
225,96,"2023-08-03 15:35:17","МКП ЕНЕРГОРЕСУРС               _",96XSO00753111,0096171601,DNIPROGAS,753,1,11,0,"ВУЛ.КИЕВСКАЯ 14                _",hourly,NULL
226,96,"2023-08-03 15:35:23","Вашківецький хлібокомбінат",96XSO0012114,0096171701,DNIPROGAS,121,1,4,0,Котельня,hourly,NULL
227,96,"2023-08-03 15:35:27","гот.Екстрім Кошун Тамара",96XSO00106237111,0096171801,DNIPROGAS,106237,11,1,0,"Жденієво в.Шевченка 257",hourly,NULL
228,96,"2023-08-03 15:35:32","АГРО МIКС       ................",96XSO002901821,0096171901,DNIPROGAS,29018,2,1,0,................................,hourly,NULL
229,96,"2023-08-03 15:35:37","ПАО "БПТС"",96XSO00622715,0096172001,DNIPROGAS,6227,1,5,0,"КОТЕЛЬНАЯ N5-21",hourly,NULL
230,96,"2023-08-03 15:35:43","КОТЕЛЬНЯ КП"ОЗЕРНЕ"",96XSO001444111,0096172101,DNIPROGAS,1444,1,11,0,"СМТ.ОЗЕРНЕ ВУЛ.АВIЦIЙНА,69     _",hourly,NULL
231,96,"2023-08-03 15:35:47","ТОВ РОСТРА",96XSO001500111,0096172201,DNIPROGAS,1500,1,11,0,ТОПОЧНА,hourly,NULL
232,96,"2023-08-03 15:35:52","ТОВ"ВIДI АВТОСIТI КIЛЬЦЕВА"    _",96XSO00341412,0096172301,DNIPROGAS,3414,1,2,0,"СОФ.БОРЩ.ВУЛ.В.КIЛЬЦЕВА 58     _",hourly,NULL
233,96,"2023-08-03 15:35:57",ПАТ-ГАЛИЧФАРМ,96XSO00498418,0096172401,DNIPROGAS,4984,1,8,0,----,hourly,NULL
234,96,"2023-08-03 15:36:01","Булах В.Г.",96XSO00162361111,0096172501,DNIPROGAS,162361,11,1,0,"Дніпро. С.Бандери, б.20, кв.7",hourly,NULL
235,96,"2023-08-03 15:36:06","ЧАО ЗОФ",96XSO00507415,0096172601,DNIPROGAS,5074,1,5,0,"ДРАГОМИРОВСКАЯ,10",hourly,NULL
236,96,"2023-08-03 15:36:09",111,96XSO00137887111,0096172701,DNIPROGAS,137887,11,1,0,222,hourly,NULL
237,96,"2023-08-03 15:36:12","АТ "ОТКЕ"",96XSO0074493124,0096172801,DNIPROGAS,74493,1,24,0,"м. Чернігів ул.Молодшого д.35а",hourly,NULL
238,96,"2023-08-03 15:36:15",O,96XSO001172,0096172901,DNIPROGAS,1,1,72,0,A,hourly,NULL
239,96,"2023-08-03 15:36:19","Бережанська ГНКС",96XSO00525615,0096173001,DNIPROGAS,5256,1,5,0,ГРП-1,hourly,NULL
240,96,"2023-08-03 15:36:25","ТОВ КВIТЕНЬ                    _",96XSO00651915,0096173101,DNIPROGAS,6519,1,5,0,"УЛ.ВОЙЦЕХОВИЧА 67              _",hourly,NULL
241,96,"2023-08-03 15:36:31","ЗБОРIВ ЦРЛ ПIДМI................",96XSO002951921,0096173201,DNIPROGAS,29519,2,1,0,................................,hourly,NULL
242,96,"2023-08-03 15:36:37","ПАО "БЕРДЯНСКОЕ ПТС"",96XSO00633215,0096173301,DNIPROGAS,6332,1,5,0,"КОТЕЛЬНАЯ N6                   _",hourly,NULL
243,96,"2023-08-03 15:36:43","     НИКОПОЛЬ    ЗОШ 16        _",96XSO00703015,0096173401,DNIPROGAS,7030,1,5,0,"УЛ. ДОВГОЛЕВСКАЯ 279",hourly,NULL
244,96,"2023-08-03 15:36:47","ТОВ-МЕТАЛО ГАЛЬВА УКРАЇНА",96XSO00772415,0096173501,DNIPROGAS,7724,1,5,0,"С. КОРЖI ВУЛ.   ГОСПОДАРСЬКА  2",hourly,NULL
245,96,"2023-08-03 15:36:50","ТОВ "ЕПIЦЕНТР К"",96XSO00855516,0096173601,DNIPROGAS,8555,1,6,0,ЕПIЦЕНТР,hourly,NULL
246,96,"2023-08-03 15:36:53","ОРГАНIК МIЛК",96XSO001490111,0096173701,DNIPROGAS,1490,1,11,0,"ЗВЯГЕЛЬСЬКА 139",hourly,NULL
247,96,"2023-08-03 15:36:57","ДЧБЛ-3 ГЕТЕНЯ                  _",96XSO00227412,0096173801,DNIPROGAS,2274,1,2,0,ГРС-ГЕТЕНЯ,hourly,NULL
248,96,"2023-08-03 15:37:01","ФОП Строков А. І. Офіс",96XSO0056414124,0096173901,DNIPROGAS,56414,1,24,0,"Покровськ ул.Маршала Москаленко",hourly,NULL
249,96,"2023-08-03 15:37:04","Луцюк А.С.",96XSO00161406111,0096174001,DNIPROGAS,161406,11,1,0,"Дніпро. Г. Мазуренко, 95, кв.2",hourly,NULL
250,96,"2023-08-03 15:37:07","ГОРОДНЯНСЬКИЙ КОМБIКОРМОВИЙ ЗАВ_",96XSO0020022117,0096174101,DNIPROGAS,20022,1,17,0,,hourly,NULL
251,96,"2023-08-03 15:37:10","ПАО"БПТС"                      _",96XSO00243112,0096174201,DNIPROGAS,243,1,12,0,"КОТЕЛЬНАЯ #14                  _",hourly,NULL
252,96,"2023-08-03 15:37:14",ПАТ-СБК,96XSO00559115,0096174301,DNIPROGAS,5591,1,5,0,----,hourly,NULL
253,96,"2023-08-03 15:37:19","ОСМД ДАРНИЦКАЯ",96XSO00523715,0096174401,DNIPROGAS,5237,1,5,0,----,hourly,NULL
254,96,"2023-08-03 15:37:25","Торгівельний комплекс",96XSO0066637124,0096174501,DNIPROGAS,66637,1,24,0,"П’ятихатки ул.Вокзальна д.4",hourly,NULL
255,96,"2023-08-03 15:37:31","КП "АНДРЕЕВСКАЯ ТЕПЛОСЕТЬ"",96XSO00692715,0096174601,DNIPROGAS,6927,1,5,0,"КОТЕЛЬНАЯ                      _",hourly,NULL
256,96,"2023-08-03 15:37:34",КП-ХТС,96XSO0015512,0096174701,DNIPROGAS,155,1,2,0,"СЕВЕРНАЯ 1",hourly,NULL
257,96,"2023-08-03 15:37:42","КП "НОВОТРОИЦКИЙ СЕЛЬКОММУНХОЗ"_",96XSO00679015,0096174801,DNIPROGAS,6790,1,5,0,"КОТЕЛЬНАЯ                      _",hourly,NULL
258,96,"2023-08-03 15:37:45","Адмінбудівля ЦМК",96XSO0063554124,0096174901,DNIPROGAS,63554,1,24,0,"Павлоград ул.Терёшкина д.9 кор2",hourly,NULL
259,96,"2023-08-03 15:37:48","ГАГАРИНСКИЙ 2010",96XSO00730315,0096175001,DNIPROGAS,7303,1,5,0,,hourly,NULL
260,96,"2023-08-03 15:37:52","ПТМ"КОВЕЛЬТЕПЛО"ВУЛ.ВАТУТIНА 48",96XSO00351814,0096175101,DNIPROGAS,3518,1,4,0,1---,hourly,NULL
261,96,"2023-08-03 15:37:55","Орехова С.Є.",96XSO00145257111,0096175201,DNIPROGAS,145257,11,1,0,"Дніпро. Ковельська, 82",hourly,NULL
262,96,"2023-08-03 15:37:58","ПРАТ"АВТОКРАЗ"",96XSO00814815,0096175301,DNIPROGAS,8148,1,5,0,КРЕМЕНЧУГ,hourly,NULL
263,96,"2023-08-03 15:38:02","ТЗОВ ГАЛКА ЛТД",96XSO00788215,0096175401,DNIPROGAS,7882,1,5,0,"ЛЬВIВ ВУЛ. ЗАПОВIТНА 1",hourly,NULL
264,96,"2023-08-03 15:38:06",ПАТ-ЕЛЕКТРОТЕРМОМЕТРIЯ,96XSO00693215,0096175501,DNIPROGAS,6932,1,5,0,----,hourly,NULL
265,96,"2023-08-03 15:38:12","ОСМД БЕСТУЖЕВСКИЕ САДЫ         _",96XSO001110111,0096175601,DNIPROGAS,1110,1,11,0,----,hourly,NULL
266,96,"2023-08-03 15:38:17",""ОООМСЗ""",96XSO00785515,0096175701,DNIPROGAS,7855,1,5,0,"ЛИНИЯ-1                        _",hourly,NULL
267,96,"2023-08-03 15:38:21","ЗОШ І-ІІІ ст. №1 м. Кременець лі",96XSO0071151124,0096175801,DNIPROGAS,71151,1,24,0,"Кременець ул.Ліцейна д.1",hourly,NULL
268,96,"2023-08-03 15:38:24","ЧЕРВОНОПОЛЬСКИЙ КОММУНОЗ",96XSO00161314,0096175901,DNIPROGAS,1613,1,4,0,"ЧЕРВОНОПОЛЬСКАЯ КОТЕЛЬНАЯ",hourly,NULL
269,96,"2023-08-03 15:38:31","ТОВ"АМТТ"",96XSO00705615,0096176001,DNIPROGAS,7056,1,5,0,"С.КРЮКIBЩИHА,ВУЛ.БАЛУКОВА 1    _",hourly,NULL
270,96,"2023-08-03 15:38:34","ТОВ"ОНУР КОНСТРУКЦИОН" М.ВИШНЕВ_",96XSO00623815,0096176101,DNIPROGAS,6238,1,5,0," ГРС 1А",hourly,NULL
271,96,"2023-08-03 15:38:39","ПАТ"КИIВСЬКИЙ КПК"",96XSO00576115,0096176201,DNIPROGAS,5761,1,5,0,DN250,hourly,NULL
272,96,"2023-08-03 15:38:45",ЗАПОРОЖСТЕКЛОФЛЮС,96XSO00837515,0096176301,DNIPROGAS,8375,1,5,0,----,hourly,NULL
273,96,"2023-08-03 15:38:50","БЕРЕЗНIВСЬКЕ ПТАХОПIДПРИЕМСТВО К",96XSO00276612,0096176401,DNIPROGAS,2766,1,2,0,----,hourly,NULL
274,96,"2023-08-03 15:38:53","ТОВ"МАЛОДIВИЦЬКЕ ХПП"          _",96XSO00571415,0096176501,DNIPROGAS,5714,1,5,0,"СУШАРКИ BUHLER, 2ОД.",hourly,NULL
275,96,"2023-08-03 15:38:59","ТЗОВ"ЯРИЧIВ"ДЖМС................",96XSO002904821,0096176601,DNIPROGAS,29048,2,1,0,................................,hourly,NULL
276,96,"2023-08-03 15:39:02",09183...........................,96XSO00918322,0096176701,DNIPROGAS,9183,2,2,0,................................,hourly,NULL
277,96,"2023-08-03 15:39:05","ПАО"БПТС"                      _",96XSO00244112,0096176801,DNIPROGAS,244,1,12,0,"КОТЕЛЬНАЯ #16                  _",hourly,NULL
278,96,"2023-08-03 15:39:08","--""--",96XSO0075022171,0096176901,DNIPROGAS,75022,1,71,0,"--""--",hourly,NULL
279,96,"2023-08-03 15:39:11","СТОВ БАТЬКIВЩИНА               _",96XSO00276112,0096177001,DNIPROGAS,2761,1,2,0,"ВОГ СУШАРКИ",hourly,NULL
280,96,"2023-08-03 15:39:14","ВIННИЦЬКИЙ КОЛЕДЖ НУХТ",96XSO0021527115,0096177101,DNIPROGAS,21527,1,15,0,"ПРИВОКЗАЛЪНА 38",hourly,NULL
281,96,"2023-08-03 15:39:18",1,96XSO0084282172,0096177201,DNIPROGAS,84282,1,72,0,2,hourly,NULL
282,96,"2023-08-03 15:39:21","Торгівельний комплекс",96XSO0020035123,0096177301,DNIPROGAS,20035,1,23,0,"П’ятихатки ул.Вокзальна д.4",hourly,NULL
283,96,"2023-08-03 15:39:24",Новиков,96XSO0020008124,0096177401,DNIPROGAS,20008,1,24,0,22222222222222222,hourly,NULL
284,96,"2023-08-03 15:39:27",""ПАО БЕРДЯНСКОЕ ПТС"""""",96XSO00647115,0096177501,DNIPROGAS,6471,1,5,0,"КОТЕЛЬНАЯ N3",hourly,NULL
285,96,"2023-08-03 15:39:31",1,96XSO002172,0096177601,DNIPROGAS,2,1,72,0,2,hourly,NULL
286,96,"2023-08-03 15:39:34",Amazon,96XSO0028150124,0096177701,DNIPROGAS,28150,1,24,0,"new tech",hourly,NULL
287,96,"2023-08-03 15:39:38","ОСМД "ЦЕЛИНОГРАДСКАЯ"          _",96XSO00871111,0096177801,DNIPROGAS,871,1,11,0,----,hourly,NULL
288,96,"2023-08-03 15:39:44","--""--",96XSO0079068171,0096177901,DNIPROGAS,79068,1,71,0,"--""--",hourly,NULL
289,96,"2023-08-03 15:39:47",ЦЕНТР.БЕРЕЖ.Л-НЯ................,96XSO00222323,0096178001,DNIPROGAS,2223,2,3,0,................................,hourly,NULL
290,96,"2023-08-03 15:39:50",БЗ2,96XSO00145822111,0096178101,DNIPROGAS,145822,11,1,0,222,hourly,NULL
291,96,"2023-08-03 15:39:54","БАРСКИЙ ГПК",96XSO00260112,0096178201,DNIPROGAS,260,1,12,0,"ОБЩЕЖИТИЕ N2",hourly,NULL
292,96,"2023-08-03 15:39:57","ПОЛИКЛИНИКА АВТОКРАЗ           _",96XSO00598415,0096178301,DNIPROGAS,5984,1,5,0,----,hourly,NULL
293,96,"2023-08-03 15:40:00","ФОП Карабак Л.Х.",96XSO0052257124,0096178401,DNIPROGAS,52257,1,24,0,"м.Дніпро ул.Г.Корольової д.7а",hourly,NULL
294,96,"2023-08-03 15:40:03","БАЛАКЛЕЯ ХПП                   _",96XSO00772615,0096178501,DNIPROGAS,7726,1,5,0,"ОТОПЛЕНИЕ                      _",hourly,NULL
295,96,"2023-08-03 15:40:07",КРИГЕР,96XSO00232712,0096178601,DNIPROGAS,2327,1,2,0,----,hourly,NULL
296,96,"2023-08-03 15:40:10",""ПАТ КИIВСЬКИЙ КПК""",96XSO00620515,0096178701,DNIPROGAS,6205,1,5,0,DN150,hourly,NULL
297,96,"2023-08-03 15:40:13",СБУ,96XSO00496318,0096178801,DNIPROGAS,4963,1,8,0,"УЛ.ГАЛИНЫ РОМАНОВОЙ 1",hourly,NULL
298,96,"2023-08-03 15:40:16","ООО-САЛТОВСКИЙ МЯСОКОМБИНАТ",96XSO00111913,0096178901,DNIPROGAS,1119,1,3,0,"УЛ.КРАСНОДАРСКАЯ 171Б",hourly,NULL
299,96,"2023-08-03 15:40:19","ОСББ "КАСКАД-2"                _",96XSO00288012,0096179001,DNIPROGAS,2880,1,2,0,"УЛ.ХЕРСОНСКАЯ,9Б               _",hourly,NULL
300,96,"2023-08-03 15:40:22","МАРIЯ                          _",96XSO00767315,0096179101,DNIPROGAS,7673,1,5,0,----,hourly,NULL
301,96,"2023-08-03 15:40:26","ПАТ "Укртелеком" ЦЕЗ №5",96XSO0062086124,0096179201,DNIPROGAS,62086,1,24,0,"Кременець ул.Шевченка д.60",hourly,NULL
302,96,"2023-08-03 15:40:30","ПРАО ТЕРМОЛАЙФ",96XSO00766815,0096179301,DNIPROGAS,7668,1,5,0,"КАРАЧЕВСКОЕ ШОССЕ 44           _",hourly,NULL
303,96,"2023-08-03 15:40:35","ПАТ-ТЕРЕМНО ХЛIБ               _",96XSO00762515,0096179401,DNIPROGAS,7625,1,5,0,ГРП-,hourly,NULL
304,96,"2023-08-03 15:40:38","Білозірська ЗОШ І-ІІІ ст.",96XSO0073570124,0096179501,DNIPROGAS,73570,1,24,0,"Білозірка ул. д.",hourly,NULL
305,96,"2023-08-03 15:40:43",RTX,96XSO0077001171,0096179601,DNIPROGAS,77001,1,71,0,"Mosk. ave., 199",hourly,NULL
306,96,"2023-08-03 15:40:46",а_ПРОБА,96XSO001111118,0096179701,DNIPROGAS,11111,1,8,0,a_PROBA,hourly,NULL
307,96,"2023-08-03 15:40:52","ПБП ВИМАЛ",96XSO00140212,0096179801,DNIPROGAS,1402,1,2,0,КОТЕЛЬНЯ,hourly,NULL
308,96,"2023-08-03 15:40:55","--""--",96XSO0055462172,0096179901,DNIPROGAS,55462,1,72,0,"--""--",hourly,NULL
309,96,"2023-08-03 15:40:58",СТАРПЛАСТ,96XSO00587111,0096180001,DNIPROGAS,587,1,11,0,,hourly,NULL
310,96,"2023-08-03 15:41:01","ПАТ-ТЕРЕМНО ХЛТБ               _",96XSO00762315,0096180101,DNIPROGAS,7623,1,5,0,"КОТЕЛЬНЯ                       _",hourly,NULL
311,96,"2023-08-03 15:41:04",----,96XSO00195112,0096180201,DNIPROGAS,195,1,12,0,,hourly,NULL
312,96,"2023-08-03 15:41:07",ХПП-БЕРЕГОВО,96XSO001419111,0096180301,DNIPROGAS,1419,1,11,0,----,hourly,NULL
313,96,"2023-08-03 15:41:10","БФ Патриот",96XSO001804791,0096180401,DNIPROGAS,18047,9,1,0,"с.Урзуф ул.Горького 40",hourly,NULL
314,96,"2023-08-03 15:41:13",TEST,96XSO00118,0096180501,DNIPROGAS,1,1,8,0,,hourly,NULL
315,96,"2023-08-03 15:41:16",TEST,96XSO001923321,0096180601,DNIPROGAS,19233,2,1,0," ",hourly,NULL
316,96,"2023-08-03 15:41:19",TEST,96XSO001169111,0096180701,DNIPROGAS,1169,1,11,0," ",hourly,NULL
317,96,"2023-08-03 15:41:25",TEST,96XSO00269032,0096180801,DNIPROGAS,2690,3,2,1," ",hourly,NULL
318,96,"2023-08-03 15:41:28",TEST,96XSO0057467512,0096180901,DNIPROGAS,57467,5,12,0," ",hourly,NULL
319,96,"2023-08-03 15:41:31",TEST,96XSO0051550512,0096181001,DNIPROGAS,51550,5,12,0," ",hourly,NULL
320,96,"2023-08-03 15:41:34",TEST,96XSO00750315,0096181101,DNIPROGAS,7503,1,5,0," ",hourly,NULL
321,96,"2023-08-03 15:41:37",TEST,96XSO00488510,0096181201,DNIPROGAS,488,51,0,0," ",hourly,NULL
322,96,"2023-08-03 15:41:43",TEST,96XSO00828832,0096181301,DNIPROGAS,8288,3,2,1," ",hourly,NULL
323,96,"2023-08-03 15:41:46",TEST,96XSO00280112,0096181401,DNIPROGAS,2801,1,2,0," ",hourly,NULL
324,96,"2023-08-03 15:41:49",TEST,96XSO00768232,0096181501,DNIPROGAS,7682,3,2,0," ",hourly,NULL
325,96,"2023-08-03 15:41:52",TEST,96XSO00313341,0096181601,DNIPROGAS,3133,4,1,0," ",hourly,NULL
326,96,"2023-08-03 15:41:58",TEST,96XSO00273612,0096181701,DNIPROGAS,2736,1,2,0," ",hourly,NULL
327,96,"2023-08-03 15:42:03",TEST,96XSO00725832,0096181801,DNIPROGAS,7258,3,2,0," ",hourly,NULL
328,96,"2023-08-03 15:42:06",TEST,96XSO00164759,0096181901,DNIPROGAS,1647,5,9,0," ",hourly,NULL
329,96,"2023-08-03 15:42:09",TEST,96XSO00440715,0096182001,DNIPROGAS,4407,1,5,0," ",hourly,NULL
330,96,"2023-08-03 15:42:12",TEST,96XSO00722915,0096182101,DNIPROGAS,7229,1,5,0," ",hourly,NULL
331,96,"2023-08-03 15:42:15",TEST,96XSO00201741,0096182201,DNIPROGAS,2017,4,1,0,,hourly,NULL
332,96,"2023-08-03 15:42:18",TEST,96XSO003172,0096182301,DNIPROGAS,3,1,72,0," ",hourly,NULL
333,96,"2023-08-03 15:42:21",TEST,96XSO00491510,0096182401,DNIPROGAS,491,51,0,0," ",hourly,NULL
334,96,"2023-08-03 15:42:24",TEST,96XSO00539111,0096182501,DNIPROGAS,539,1,11,0," ",hourly,NULL
335,96,"2023-08-03 15:42:27",TEST,96XSO00726915,0096182601,DNIPROGAS,7269,1,5,0," ",hourly,NULL
336,96,"2023-08-03 15:42:30",TEST,96XSO001552516,0096182701,DNIPROGAS,1552,5,16,0,Test1,hourly,NULL
337,96,"2023-08-03 15:42:33",TEST,96XSO0043086124,0096182801,DNIPROGAS,43086,1,24,0,,hourly,NULL
338,96,"2023-08-03 15:42:36",TEST,96XSO0021250115,0096182901,DNIPROGAS,21250,1,15,0,,hourly,NULL
339,96,"2023-08-03 15:42:42",TEST,96XSO00615632,0096183001,DNIPROGAS,6156,3,2,0," ",hourly,NULL
340,96,"2023-08-03 15:42:46",TEST,96XSO00729832,0096183101,DNIPROGAS,7298,3,2,0," ",hourly,NULL
341,96,"2023-08-03 15:42:49",TEST,96XSO00127212,0096183201,DNIPROGAS,1272,1,2,0," ",hourly,NULL
342,96,"2023-08-03 15:42:52",TEST,96XSO00640815,0096183301,DNIPROGAS,6408,1,5,0," ",hourly,NULL
343,96,"2023-08-03 15:42:55",TEST,96XSO00497218,0096183401,DNIPROGAS,4972,1,8,0," ",hourly,NULL
344,96,"2023-08-03 15:42:59",TEST,96XSO001025111,0096183501,DNIPROGAS,1025,1,11,0," ",hourly,NULL
345,96,"2023-08-03 15:43:02",TEST,96XSO00563111,0096183601,DNIPROGAS,5631,1,1,0,,hourly,NULL
346,96,"2023-08-03 15:43:05",TEST,96XSO00690215,0096183701,DNIPROGAS,6902,1,5,0," ",hourly,NULL
347,96,"2023-08-03 15:43:08",TEST,96XSO00777832,0096183801,DNIPROGAS,7778,3,2,0," ",hourly,NULL
348,96,"2023-08-03 15:43:11",TEST,96XSO00488511,0096183901,DNIPROGAS,488,51,1,0,"ВK-011 No---",hourly,NULL
349,96,"2023-08-03 15:43:14",TEST,96XSO00821915,0096184001,DNIPROGAS,8219,1,5,0," ",hourly,NULL
350,96,"2023-08-03 15:43:17",TEST,96XSO00363112,0096184101,DNIPROGAS,363,1,12,0," ",hourly,NULL
351,96,"2023-08-03 15:43:20",TEST,96XSO00724822,0096184201,DNIPROGAS,7248,2,2,0," ",hourly,NULL
352,96,"2023-08-03 15:43:24",TEST,96XSO0073364124,0096184301,DNIPROGAS,73364,1,24,0,,hourly,NULL
353,96,"2023-08-03 15:43:30",TEST,96XSO00133271,0096184401,DNIPROGAS,1332,7,1,0," ",hourly,NULL
354,96,"2023-08-03 15:43:33",TEST,96XSO00786091,0096184501,DNIPROGAS,7860,9,1,0," ",hourly,NULL
355,96,"2023-08-03 15:43:36",TEST,96XSO0068400124,0096184601,DNIPROGAS,68400,1,24,0,,hourly,NULL
356,96,"2023-08-03 15:43:39",TEST,96XSO00868522,0096184701,DNIPROGAS,8685,2,2,0," ",hourly,NULL
357,96,"2023-08-03 15:43:45",TEST,96XSO0093291101,0096184801,DNIPROGAS,9329,1,101,0," ",hourly,NULL
358,96,"2023-08-03 15:43:48",TEST,96XSO002987721,0096184901,DNIPROGAS,29877,2,1,0," ",hourly,NULL
359,96,"2023-08-03 15:43:51",TEST,96XSO0050377516,0096185001,DNIPROGAS,50377,5,16,0,"Скрипаї ЗОШ",hourly,NULL
360,96,"2023-08-03 15:43:54",TEST,96XSO00272032,0096185101,DNIPROGAS,2720,3,2,0," ",hourly,NULL
361,96,"2023-08-03 15:43:57",TEST,96XSO00171132,0096185201,DNIPROGAS,1711,3,2,0," ",hourly,NULL
362,96,"2023-08-03 15:44:00",TEST,96XSO0011111124,0096185301,DNIPROGAS,11111,1,24,0,,hourly,NULL
363,96,"2023-08-03 15:44:03",TEST,96XSO001073111,0096185401,DNIPROGAS,1073,1,11,0," ",hourly,NULL
364,96,"2023-08-03 15:44:06",TEST,96XSO00236112,0096185501,DNIPROGAS,2361,1,2,0," ",hourly,NULL
365,96,"2023-08-03 15:44:09",TEST,96XSO00715111,0096185601,DNIPROGAS,715,1,11,0," ",hourly,NULL
366,96,"2023-08-03 15:44:13",TEST,96XSO001084111,0096185701,DNIPROGAS,1084,1,11,0," ",hourly,NULL
367,96,"2023-08-03 15:44:16",TEST,96XSO00138141,0096185801,DNIPROGAS,1381,4,1,0," ",hourly,NULL
368,96,"2023-08-03 15:44:19",TEST,96XSO00491511,0096185901,DNIPROGAS,491,51,1,0,"ВK-011 No1-",hourly,NULL
369,96,"2023-08-03 15:44:22",TEST,96XSO00000,0096186001,DNIPROGAS,0,0,0,0," ",hourly,NULL
370,96,"2023-08-03 15:44:25",TEST,96XSO001812591,0096186101,DNIPROGAS,18125,9,1,0," ",hourly,NULL
371,96,"2023-08-03 15:44:28",TEST,96XSO00425111,0096186201,DNIPROGAS,425,1,11,0," ",hourly,NULL
372,96,"2023-08-03 15:44:31",TEST,96XSO003900521,0096186301,DNIPROGAS,39005,2,1,0," ",hourly,NULL
373,96,"2023-08-03 15:44:34",TEST,96XSO00185041,0096186401,DNIPROGAS,1850,4,1,0,,hourly,NULL
374,96,"2023-08-03 15:44:38",TEST,96XSO00930822,0096186501,DNIPROGAS,9308,2,2,0," ",hourly,NULL
375,96,"2023-08-03 15:44:42",TEST,96XSO00193141,0096186601,DNIPROGAS,1931,4,1,0," ",hourly,NULL
376,96,"2023-08-03 15:44:46",TEST,96XSO00393112,0096186701,DNIPROGAS,393,1,12,0," ",hourly,NULL
377,96,"2023-08-03 15:44:49",TEST,96XSO00803715,0096186801,DNIPROGAS,8037,1,5,0," ",hourly,NULL
378,96,"2023-08-03 15:44:52",TEST,96XSO00627215,0096186901,DNIPROGAS,6272,1,5,0," ",hourly,NULL
379,96,"2023-08-03 15:44:55",TEST,96XSO002852121,0096187001,DNIPROGAS,28521,2,1,0," ",hourly,NULL
380,96,"2023-08-03 15:44:58",TEST,96XSO00502015,0096187101,DNIPROGAS,5020,1,5,0," ",hourly,NULL
381,96,"2023-08-03 15:45:01",TEST,96XSO00556115,0096187201,DNIPROGAS,5561,1,5,0," ",hourly,NULL
382,96,"2023-08-03 15:45:04",TEST,96XSO00989932,0096187301,DNIPROGAS,9899,3,2,1," ",hourly,NULL
383,96,"2023-08-03 15:45:07",TEST,96XSO002717621,0096187401,DNIPROGAS,27176,2,1,0," ",hourly,NULL
384,96,"2023-08-03 15:45:10",TEST,96XSO00796632,0096187501,DNIPROGAS,7966,3,2,0," ",hourly,NULL
385,96,"2023-08-03 15:45:13",TEST,96XSO0061141,0096187601,DNIPROGAS,611,4,1,0,,hourly,NULL
386,96,"2023-08-03 15:45:16",TEST,96XSO00533815,0096187701,DNIPROGAS,5338,1,5,0," ",hourly,NULL
387,96,"2023-08-03 15:45:19",TEST,96XSO00213332,0096187801,DNIPROGAS,2133,3,2,0," ",hourly,NULL
388,96,"2023-08-03 15:45:22",TEST,96XSO00335532,0096187901,DNIPROGAS,3355,3,2,0," ",hourly,NULL
389,96,"2023-08-03 15:45:26",TEST,96XSO002717921,0096188001,DNIPROGAS,27179,2,1,0," ",hourly,NULL
390,96,"2023-08-03 15:45:29",TEST,96XSO002979621,0096188101,DNIPROGAS,29796,2,1,0," ",hourly,NULL
391,96,"2023-08-03 15:45:32",TEST,96XSO00726932,0096188201,DNIPROGAS,7269,3,2,1," ",hourly,NULL
392,96,"2023-08-03 15:45:35",TEST,96XSO00512111,0096188301,DNIPROGAS,512,1,11,0," ",hourly,NULL
393,96,"2023-08-03 15:45:38",TEST,96XSO00146914,0096188401,DNIPROGAS,1469,1,4,0," ",hourly,NULL
394,96,"2023-08-03 15:45:44",TEST,96XSO002609521,0096188501,DNIPROGAS,26095,2,1,0," ",hourly,NULL
395,96,"2023-08-03 15:45:47",TEST,96XSO00836415,0096188601,DNIPROGAS,8364,1,5,0," ",hourly,NULL
396,96,"2023-08-03 15:45:50",TEST,96XSO00251414,0096188701,DNIPROGAS,2514,1,4,0," ",hourly,NULL
397,96,"2023-08-03 15:45:53",TEST,96XSO00565215,0096188801,DNIPROGAS,5652,1,5,0," ",hourly,NULL
398,96,"2023-08-03 15:45:56",TEST,96XSO00693115,0096188901,DNIPROGAS,6931,1,5,0," ",hourly,NULL
399,96,"2023-08-03 15:45:59",TEST,96XSO0056298516,0096189001,DNIPROGAS,56298,5,16,0," ",hourly,NULL
400,96,"2023-08-03 15:46:02",TEST,96XSO001512,0096189101,DNIPROGAS,1,5,12,0,ѓ®а®¤,hourly,NULL
401,96,"2023-08-03 15:46:05",TEST,96XSO00139112,0096189201,DNIPROGAS,139,1,12,0," ",hourly,NULL
402,96,"2023-08-03 15:46:08",TEST,96XSO00485515,0096189301,DNIPROGAS,4855,1,5,0," ",hourly,NULL
403,96,"2023-08-03 15:46:11",TEST,96XSO00362412,0096189401,DNIPROGAS,3624,1,2,0," ",hourly,NULL
404,96,"2023-08-03 15:46:14",TEST,96XSO005555511,0096189501,DNIPROGAS,55555,1,1,0,,hourly,NULL
405,96,"2023-08-03 15:46:17",TEST,96XSO002719021,0096189601,DNIPROGAS,27190,2,1,0," ",hourly,NULL
406,96,"2023-08-03 15:46:20",TEST,96XSO00919822,0096189701,DNIPROGAS,9198,2,2,0," ",hourly,NULL
407,96,"2023-08-03 15:46:23",TEST,96XSO00820315,0096189801,DNIPROGAS,8203,1,5,0," ",hourly,NULL
408,96,"2023-08-03 15:46:26",TEST,96XSO00143512,0096189901,DNIPROGAS,1435,1,2,0," ",hourly,NULL
409,96,"2023-08-03 15:46:29",TEST,96XSO003045233,0096190001,DNIPROGAS,30452,3,3,0," ",hourly,NULL
410,96,"2023-08-03 15:46:32",TEST,96XSO0023060116,0096190101,DNIPROGAS,23060,1,16,0,,hourly,NULL
411,96,"2023-08-03 15:46:35",TEST,96XSO0068613124,0096190201,DNIPROGAS,68613,1,24,0,,hourly,NULL
412,96,"2023-08-03 15:46:38",TEST,96XSO00332841,0096190301,DNIPROGAS,3328,4,1,0,,hourly,NULL
413,96,"2023-08-03 15:46:43",TEST,96XSO004333021,0096190401,DNIPROGAS,43330,2,1,0," ",hourly,NULL
414,96,"2023-08-03 15:46:47",TEST,96XSO00634915,0096190501,DNIPROGAS,6349,1,5,0," ",hourly,NULL
415,96,"2023-08-03 15:46:50",TEST,96XSO000511,0096190601,DNIPROGAS,0,51,1,0," ",hourly,NULL
416,96,"2023-08-03 15:46:53",TEST,96XSO00417618,0096190701,DNIPROGAS,4176,1,8,0," ",hourly,NULL
417,96,"2023-08-03 15:46:56",TEST,96XSO00748915,0096190801,DNIPROGAS,7489,1,5,0," ",hourly,NULL
418,96,"2023-08-03 15:46:59",TEST,96XSO00464541,0096190901,DNIPROGAS,4645,4,1,0," ",hourly,NULL
419,96,"2023-08-03 15:47:02",TEST,96XSO004311021,0096191001,DNIPROGAS,43110,2,1,0," ",hourly,NULL
420,96,"2023-08-03 15:47:05",TEST,96XSO00117314,0096191101,DNIPROGAS,1173,1,4,0," ",hourly,NULL
421,96,"2023-08-03 15:47:08",TEST,96XSO00618615,0096191201,DNIPROGAS,6186,1,5,0," ",hourly,NULL
422,96,"2023-08-03 15:47:11",TEST,96XSO001084431,0096191301,DNIPROGAS,10844,3,1,0," ",hourly,NULL
423,96,"2023-08-03 15:47:14",TEST,96XSO00122841,0096191401,DNIPROGAS,1228,4,1,0,,hourly,NULL
424,96,"2023-08-03 15:47:17",TEST,96XSO0070172,0096191501,DNIPROGAS,70,1,72,0," ",hourly,NULL
425,96,"2023-08-03 15:47:20",TEST,96XSO00803111,0096191601,DNIPROGAS,803,1,11,0," ",hourly,NULL
426,96,"2023-08-03 15:47:23",TEST,96XSO002647621,0096191701,DNIPROGAS,26476,2,1,0," ",hourly,NULL
427,96,"2023-08-03 15:47:26",TEST,96XSO00584618,0096191801,DNIPROGAS,5846,1,8,0," ",hourly,NULL
428,96,"2023-08-03 15:47:29",TEST,96XSO0070458124,0096191901,DNIPROGAS,70458,1,24,0,,hourly,NULL
429,96,"2023-08-03 15:47:32",TEST,96XSO0081941,0096192001,DNIPROGAS,819,4,1,0,,hourly,NULL
430,96,"2023-08-03 15:47:35",TEST,96XSO0070229124,0096192101,DNIPROGAS,70229,1,24,0,,hourly,NULL
431,96,"2023-08-03 15:47:38",TEST,96XSO0014611,0096192201,DNIPROGAS,146,1,1,0," ",hourly,NULL
432,96,"2023-08-03 15:47:42",TEST,96XSO0022222115,0096192301,DNIPROGAS,22222,1,15,0,,hourly,NULL
433,96,"2023-08-03 15:47:46",TEST,96XSO00652115,0096192401,DNIPROGAS,6521,1,5,0," ",hourly,NULL
434,96,"2023-08-03 15:47:49",TEST,96XSO00742015,0096192501,DNIPROGAS,7420,1,5,0," ",hourly,NULL
435,96,"2023-08-03 15:47:52",TEST,96XSO00145332,0096192601,DNIPROGAS,1453,3,2,0," ",hourly,NULL
436,96,"2023-08-03 15:47:55",TEST,96XSO003173,0096192701,DNIPROGAS,3,1,73,0," ",hourly,NULL
437,96,"2023-08-03 15:48:00",TEST,96XSO00457815,0096192801,DNIPROGAS,4578,1,5,0," ",hourly,NULL
438,96,"2023-08-03 15:48:03",TEST,96XSO00993232,0096192901,DNIPROGAS,9932,3,2,0," ",hourly,NULL
439,96,"2023-08-03 15:48:06",TEST,96XSO005714,0096193001,DNIPROGAS,57,1,4,0," ",hourly,NULL
440,96,"2023-08-03 15:48:09",TEST,96XSO00472315,0096193101,DNIPROGAS,4723,1,5,0," ",hourly,NULL
441,96,"2023-08-03 15:48:12",TEST,96XSO00365841,0096193201,DNIPROGAS,3658,4,1,0,,hourly,NULL
442,96,"2023-08-03 15:48:15",TEST,96XSO0052017516,0096193301,DNIPROGAS,52017,5,16,0,"Пушкинская 109",hourly,NULL
443,96,"2023-08-03 15:48:18",TEST,96XSO00862122,0096193401,DNIPROGAS,8621,2,2,0," ",hourly,NULL
444,96,"2023-08-03 15:48:21",TEST,96XSO00835515,0096193501,DNIPROGAS,8355,1,5,0," ",hourly,NULL
445,96,"2023-08-03 15:48:24",TEST,96XSO002822021,0096193601,DNIPROGAS,28220,2,1,0," ",hourly,NULL
446,96,"2023-08-03 15:48:27",TEST,96XSO0029172,0096193701,DNIPROGAS,29,1,72,0," ",hourly,NULL
447,96,"2023-08-03 15:48:33",TEST,96XSO001312111,0096193801,DNIPROGAS,1312,1,11,0," ",hourly,NULL
448,96,"2023-08-03 15:48:36",TEST,96XSO0072512,0096193901,DNIPROGAS,725,1,2,0," ",hourly,NULL
449,96,"2023-08-03 15:48:39",TEST,96XSO00571018,0096194001,DNIPROGAS,5710,1,8,0," ",hourly,NULL
450,96,"2023-08-03 15:48:44",TEST,96XSO00091,0096194101,DNIPROGAS,0,9,1,0," ",hourly,NULL
451,96,"2023-08-03 15:48:47",TEST,96XSO002717221,0096194201,DNIPROGAS,27172,2,1,0," ",hourly,NULL
452,96,"2023-08-03 15:48:50",TEST,96XSO001220111,0096194301,DNIPROGAS,1220,1,11,0," ",hourly,NULL
453,96,"2023-08-03 15:48:53",TEST,96XSO00242432,0096194401,DNIPROGAS,2424,3,2,0," ",hourly,NULL
454,96,"2023-08-03 15:48:56",TEST,96XSO004303321,0096194501,DNIPROGAS,43033,2,1,0," ",hourly,NULL
455,96,"2023-08-03 15:48:59",TEST,96XSO00700001172,0096194601,DNIPROGAS,700001,1,72,0,,hourly,NULL
456,96,"2023-08-03 15:49:02",TEST,96XSO00104332,0096194701,DNIPROGAS,1043,3,2,0," ",hourly,NULL
457,96,"2023-08-03 15:49:05",TEST,96XSO00731332,0096194801,DNIPROGAS,7313,3,2,0," ",hourly,NULL
458,96,"2023-08-03 15:49:08",TEST,96XSO0030000125,0096194901,DNIPROGAS,30000,1,25,0,,hourly,NULL
459,96,"2023-08-03 15:49:11",TEST,96XSO00301014,0096195001,DNIPROGAS,3010,1,4,0," ",hourly,NULL
460,96,"2023-08-03 15:49:14",TEST,96XSO00922832,0096195101,DNIPROGAS,9228,3,2,0," ",hourly,NULL
461,96,"2023-08-03 15:49:17",TEST,96XSO004173,0096195201,DNIPROGAS,4,1,73,0," ",hourly,NULL
462,96,"2023-08-03 15:49:20",TEST,96XSO002843521,0096195301,DNIPROGAS,28435,2,1,0," ",hourly,NULL
463,96,"2023-08-03 15:49:23",TEST,96XSO00786515,0096195401,DNIPROGAS,7865,1,5,0," ",hourly,NULL
464,96,"2023-08-03 15:49:26",TEST,96XSO00596215,0096195501,DNIPROGAS,5962,1,5,0," ",hourly,NULL
465,96,"2023-08-03 15:49:29",TEST,96XSO002112,0096195601,DNIPROGAS,21,1,2,0," ",hourly,NULL
466,96,"2023-08-03 15:49:32",TEST,96XSO001018632,0096195701,DNIPROGAS,10186,3,2,0," ",hourly,NULL
467,96,"2023-08-03 15:49:36",TEST,96XSO00668115,0096195801,DNIPROGAS,6681,1,5,0," ",hourly,NULL
468,96,"2023-08-03 15:49:39",TEST,96XSO00606215,0096195901,DNIPROGAS,6062,1,5,0," ",hourly,NULL
469,96,"2023-08-03 15:49:43",TEST,96XSO0022762512,0096196001,DNIPROGAS,22762,5,12,0," ",hourly,NULL
470,96,"2023-08-03 15:49:47",TEST,96XSO008114391,0096196101,DNIPROGAS,81143,9,1,0," ",hourly,NULL
471,96,"2023-08-03 15:49:52",TEST,96XSO00715115,0096196201,DNIPROGAS,7151,1,5,0," ",hourly,NULL
472,96,"2023-08-03 15:49:56",TEST,96XSO001101232,0096196301,DNIPROGAS,11012,3,2,1," ",hourly,NULL
473,96,"2023-08-03 15:49:59",TEST,96XSO009988779319,0096196401,DNIPROGAS,998877,93,19,48," ",hourly,NULL
474,96,"2023-08-03 15:50:02",TEST,96XSO00654915,0096196501,DNIPROGAS,6549,1,5,0," ",hourly,NULL
475,96,"2023-08-03 15:50:05",TEST,96XSO0055441,0096196601,DNIPROGAS,554,4,1,0,,hourly,NULL
476,96,"2023-08-03 15:50:08",TEST,96XSO00802215,0096196701,DNIPROGAS,8022,1,5,0," ",hourly,NULL
477,96,"2023-08-03 15:50:11",TEST,96XSO001133732,0096196801,DNIPROGAS,11337,3,2,1," ",hourly,NULL
478,96,"2023-08-03 15:50:14",TEST,96XSO002935521,0096196901,DNIPROGAS,29355,2,1,0," ",hourly,NULL
479,96,"2023-08-03 15:50:17",TEST,96XSO0027112,0096197001,DNIPROGAS,271,1,2,0," ",hourly,NULL
480,96,"2023-08-03 15:50:20",TEST,96XSO0053172,0096197101,DNIPROGAS,53,1,72,0," ",hourly,NULL
481,96,"2023-08-03 15:50:23",TEST,96XSO00650215,0096197201,DNIPROGAS,6502,1,5,0," ",hourly,NULL
482,96,"2023-08-03 15:50:26",TEST,96XSO002988921,0096197301,DNIPROGAS,29889,2,1,0," ",hourly,NULL
483,96,"2023-08-03 15:50:29",TEST,96XSO002929021,0096197401,DNIPROGAS,29290,2,1,0," ",hourly,NULL
484,96,"2023-08-03 15:50:32",TEST,96XSO00236414,0096197501,DNIPROGAS,2364,1,4,0," ",hourly,NULL
485,96,"2023-08-03 15:50:35",TEST,96XSO00558218,0096197601,DNIPROGAS,5582,1,8,0," ",hourly,NULL
486,96,"2023-08-03 15:50:41",TEST,96XSO002832421,0096197701,DNIPROGAS,28324,2,1,0," ",hourly,NULL
487,96,"2023-08-03 15:50:46",TEST,96XSO00748111,0096197801,DNIPROGAS,748,1,11,0," ",hourly,NULL
488,96,"2023-08-03 15:50:49",TEST,96XSO001385111,0096197901,DNIPROGAS,1385,1,11,0," ",hourly,NULL
489,96,"2023-08-03 15:50:52",TEST,96XSO00916931,0096198001,DNIPROGAS,9169,3,1,0," ",hourly,NULL
490,96,"2023-08-03 15:50:55",TEST,96XSO002898321,0096198101,DNIPROGAS,28983,2,1,0," ",hourly,NULL
491,96,"2023-08-03 15:50:58",TEST,96XSO0088412,0096198201,DNIPROGAS,884,1,2,0," ",hourly,NULL
492,96,"2023-08-03 15:51:01",TEST,96XSO001940021,0096198301,DNIPROGAS,19400,2,1,0," ",hourly,NULL
493,96,"2023-08-03 15:51:04",TEST,96XSO00116531,0096198401,DNIPROGAS,1165,3,1,0," ",hourly,NULL
494,96,"2023-08-03 15:51:07",TEST,96XSO00884822,0096198501,DNIPROGAS,8848,2,2,0," ",hourly,NULL
495,96,"2023-08-03 15:51:10",TEST,96XSO001818291,0096198601,DNIPROGAS,18182,9,1,0," ",hourly,NULL
496,96,"2023-08-03 15:51:13",TEST,96XSO0090511,0096198701,DNIPROGAS,90,51,1,0,"ВK-011 No1-",hourly,NULL
497,96,"2023-08-03 15:51:16",TEST,96XSO002634721,0096198801,DNIPROGAS,26347,2,1,0," ",hourly,NULL
498,96,"2023-08-03 15:51:19",TEST,96XSO00736615,0096198901,DNIPROGAS,7366,1,5,0," ",hourly,NULL
499,96,"2023-08-03 15:51:22",TEST,96XSO0073077124,0096199001,DNIPROGAS,73077,1,24,0,,hourly,NULL
500,96,"2023-08-03 15:51:25",TEST,96XSO008131191,0096199101,DNIPROGAS,81311,9,1,0," ",hourly,NULL
501,96,"2023-08-03 15:51:28",TEST,96XSO0022012,0096199201,DNIPROGAS,220,1,2,0," ",hourly,NULL
502,96,"2023-08-03 15:51:31",TEST,96XSO0050290512,0096199301,DNIPROGAS,50290,5,12,0," ",hourly,NULL
503,96,"2023-08-03 15:51:34",TEST,96XSO001013111,0096199401,DNIPROGAS,1013,1,11,0," ",hourly,NULL
504,96,"2023-08-03 15:51:37",TEST,96XSO0079066171,0096199501,DNIPROGAS,79066,1,71,0,,hourly,NULL
505,96,"2023-08-03 15:51:40",TEST,96XSO00820132,0096199601,DNIPROGAS,8201,3,2,1," ",hourly,NULL
506,96,"2023-08-03 15:51:45",TEST,96XSO0064601124,0096199701,DNIPROGAS,64601,1,24,0,,hourly,NULL
507,96,"2023-08-03 15:51:48",TEST,96XSO001014232,0096199801,DNIPROGAS,10142,3,2,0," ",hourly,NULL
508,96,"2023-08-03 15:51:51",TEST,96XSO00553318,0096199901,DNIPROGAS,5533,1,8,0," ",hourly,NULL
509,96,"2023-08-03 15:51:54",TEST,96XSO00606615,0096200001,DNIPROGAS,6066,1,5,0," ",hourly,NULL
510,96,"2023-08-03 15:51:57",TEST,96XSO002864721,0096200101,DNIPROGAS,28647,2,1,0," ",hourly,NULL
511,96,"2023-08-03 15:52:00",TEST,96XSO00313241,0096200201,DNIPROGAS,3132,4,1,0,,hourly,NULL
512,96,"2023-08-03 15:52:03",TEST,96XSO001086131,0096200301,DNIPROGAS,10861,3,1,0," ",hourly,NULL
513,96,"2023-08-03 15:52:06",TEST,96XSO00891332,0096200401,DNIPROGAS,8913,3,2,0," ",hourly,NULL
514,96,"2023-08-03 15:52:09",TEST,96XSO00493518,0096200501,DNIPROGAS,4935,1,8,0," ",hourly,NULL
515,96,"2023-08-03 15:52:12",TEST,96XSO001917921,0096200601,DNIPROGAS,19179,2,1,0," ",hourly,NULL
516,96,"2023-08-03 15:52:15",TEST,96XSO00731915,0096200701,DNIPROGAS,7319,1,5,0," ",hourly,NULL
517,96,"2023-08-03 15:52:18",TEST,96XSO00405215,0096200801,DNIPROGAS,4052,1,5,0," ",hourly,NULL
518,96,"2023-08-03 15:52:21",TEST,96XSO0074769124,0096200901,DNIPROGAS,74769,1,24,0,,hourly,NULL
519,96,"2023-08-03 15:52:24",TEST,96XSO00607015,0096201001,DNIPROGAS,6070,1,5,0," ",hourly,NULL
520,96,"2023-08-03 15:52:27",TEST,96XSO00285941,0096201101,DNIPROGAS,2859,4,1,0," ",hourly,NULL
521,96,"2023-08-03 15:52:30",TEST,96XSO00676915,0096201201,DNIPROGAS,6769,1,5,0," ",hourly,NULL
522,96,"2023-08-03 15:52:33",TEST,96XSO001826121,0096201301,DNIPROGAS,18261,2,1,0," ",hourly,NULL
523,96,"2023-08-03 15:52:36",TEST,96XSO003070533,0096201401,DNIPROGAS,30705,3,3,0," ",hourly,NULL
524,96,"2023-08-03 15:52:39",TEST,96XSO00777777124,0096201501,DNIPROGAS,777777,1,24,0,,hourly,NULL
525,96,"2023-08-03 15:52:43",TEST,96XSO002825521,0096201601,DNIPROGAS,28255,2,1,0," ",hourly,NULL
526,96,"2023-08-03 15:52:48",TEST,96XSO002863821,0096201701,DNIPROGAS,28638,2,1,0," ",hourly,NULL
527,96,"2023-08-03 15:52:51",TEST,96XSO0074770124,0096201801,DNIPROGAS,74770,1,24,0,,hourly,NULL
528,96,"2023-08-03 15:52:55",TEST,96XSO004325521,0096201901,DNIPROGAS,43255,2,1,0," ",hourly,NULL
529,96,"2023-08-03 15:52:58",TEST,96XSO0044112,0096202001,DNIPROGAS,44,1,12,0," ",hourly,NULL
530,96,"2023-08-03 15:53:01",TEST,96XSO00737532,0096202101,DNIPROGAS,7375,3,2,0," ",hourly,NULL
531,96,"2023-08-03 15:53:04",TEST,96XSO002951521,0096202201,DNIPROGAS,29515,2,1,0," ",hourly,NULL
532,96,"2023-08-03 15:53:06",TEST,96XSO00502515,0096202301,DNIPROGAS,5025,1,5,0," ",hourly,NULL
533,96,"2023-08-03 15:53:09",TEST,96XSO004348121,0096202401,DNIPROGAS,43481,2,1,0," ",hourly,NULL
534,96,"2023-08-03 15:53:12",TEST,96XSO00700001173,0096202501,DNIPROGAS,700001,1,73,0,,hourly,NULL
535,96,"2023-08-03 15:53:15",TEST,96XSO00127441,0096202601,DNIPROGAS,1274,4,1,0,,hourly,NULL
536,96,"2023-08-03 15:53:18",TEST,96XSO00486815,0096202701,DNIPROGAS,4868,1,5,0," ",hourly,NULL
537,96,"2023-08-03 15:53:21",TEST,96XSO00758932,0096202801,DNIPROGAS,7589,3,2,0," ",hourly,NULL
538,96,"2023-08-03 15:53:24",TEST,96XSO002875521,0096202901,DNIPROGAS,28755,2,1,0," ",hourly,NULL
539,96,"2023-08-03 15:53:27",TEST,96XSO00644615,0096203001,DNIPROGAS,6446,1,5,0," ",hourly,NULL
540,96,"2023-08-03 15:53:30",TEST,96XSO00880132,0096203101,DNIPROGAS,8801,3,2,0," ",hourly,NULL
541,96,"2023-08-03 15:53:33",TEST,96XSO00306012,0096203201,DNIPROGAS,3060,1,2,0," ",hourly,NULL
542,96,"2023-08-03 15:53:36",TEST,96XSO00612215,0096203301,DNIPROGAS,6122,1,5,0," ",hourly,NULL
543,96,"2023-08-03 15:53:39",TEST,96XSO001074531,0096203401,DNIPROGAS,10745,3,1,0," ",hourly,NULL
544,96,"2023-08-03 15:53:42",TEST,96XSO001013932,0096203501,DNIPROGAS,10139,3,2,1," ",hourly,NULL
545,96,"2023-08-03 15:53:48",TEST,96XSO00725915,0096203601,DNIPROGAS,7259,1,5,0," ",hourly,NULL
546,96,"2023-08-03 15:53:51",TEST,96XSO00494118,0096203701,DNIPROGAS,4941,1,8,0," ",hourly,NULL
547,96,"2023-08-03 15:53:53",TEST,96XSO00032,0096203801,DNIPROGAS,0,3,2,1," ",hourly,NULL
548,96,"2023-08-03 15:53:56",TEST,96XSO00595815,0096203901,DNIPROGAS,5958,1,5,0," ",hourly,NULL
549,96,"2023-08-03 15:53:59",TEST,96XSO00267032,0096204001,DNIPROGAS,2670,3,2,0," ",hourly,NULL
550,96,"2023-08-03 15:54:02",TEST,96XSO003001601,0096204101,DNIPROGAS,3001,60,1,0," ",hourly,NULL
551,96,"2023-08-03 15:54:05",TEST,96XSO00351532,0096204201,DNIPROGAS,3515,3,2,0," ",hourly,NULL
552,96,"2023-08-03 15:54:08",TEST,96XSO00299142,0096204301,DNIPROGAS,2991,4,2,0,,hourly,NULL
553,96,"2023-08-03 15:54:11",TEST,96XSO001071111,0096204401,DNIPROGAS,1071,1,11,0," ",hourly,NULL
554,96,"2023-08-03 15:54:14",TEST,96XSO002878421,0096204501,DNIPROGAS,28784,2,1,0," ",hourly,NULL
555,96,"2023-08-03 15:54:17",TEST,96XSO00913532,0096204601,DNIPROGAS,9135,3,2,0," ",hourly,NULL
556,96,"2023-08-03 15:54:20",TEST,96XSO00719315,0096204701,DNIPROGAS,7193,1,5,0," ",hourly,NULL
557,96,"2023-08-03 15:54:23",TEST,96XSO00988322,0096204801,DNIPROGAS,9883,2,2,0," ",hourly,NULL
558,96,"2023-08-03 15:54:26",TEST,96XSO00959832,0096204901,DNIPROGAS,9598,3,2,1," ",hourly,NULL
559,96,"2023-08-03 15:54:29",TEST,96XSO0074212,0096205001,DNIPROGAS,742,1,2,0," ",hourly,NULL
560,96,"2023-08-03 15:54:32",TEST,96XSO00448115,0096205101,DNIPROGAS,4481,1,5,0," ",hourly,NULL
561,96,"2023-08-03 15:54:35",TEST,96XSO00578618,0096205201,DNIPROGAS,5786,1,8,0," ",hourly,NULL
562,96,"2023-08-03 15:54:39",TEST,96XSO001111932,0096205301,DNIPROGAS,11119,3,2,0," ",hourly,NULL
563,96,"2023-08-03 15:54:43",TEST,96XSO00249814,0096205401,DNIPROGAS,2498,1,4,0," ",hourly,NULL
564,96,"2023-08-03 15:54:48",TEST,96XSO00718,0096205501,DNIPROGAS,7,1,8,0,,hourly,NULL
565,96,"2023-08-03 15:54:51",TEST,96XSO00414332,0096205601,DNIPROGAS,4143,3,2,0," ",hourly,NULL
566,96,"2023-08-03 15:54:54",TEST,96XSO00811615,0096205701,DNIPROGAS,8116,1,5,0," ",hourly,NULL
567,96,"2023-08-03 15:54:57",TEST,96XSO002639921,0096205801,DNIPROGAS,26399,2,1,0," ",hourly,NULL
568,96,"2023-08-03 15:55:00",TEST,96XSO002939121,0096205901,DNIPROGAS,29391,2,1,0," ",hourly,NULL
569,96,"2023-08-03 15:55:03",TEST,96XSO00314314,0096206001,DNIPROGAS,3143,1,4,0," ",hourly,NULL
570,96,"2023-08-03 15:55:06",TEST,96XSO0056214,0096206101,DNIPROGAS,562,1,4,0," ",hourly,NULL
571,96,"2023-08-03 15:55:09",TEST,96XSO00118451101,0096206201,DNIPROGAS,11845,1,101,0," ",hourly,NULL
572,96,"2023-08-03 15:55:12",TEST,96XSO00378331,0096206301,DNIPROGAS,3783,3,1,0," ",hourly,NULL
573,96,"2023-08-03 15:55:15",TEST,96XSO001409111,0096206401,DNIPROGAS,1409,1,11,0,,hourly,NULL
574,96,"2023-08-03 15:55:18",TEST,96XSO0067585124,0096206501,DNIPROGAS,67585,1,24,0," ",hourly,NULL
575,96,"2023-08-03 15:55:21",TEST,96XSO001128532,0096206601,DNIPROGAS,11285,3,2,0," ",hourly,NULL
576,96,"2023-08-03 15:55:24",TEST,96XSO00429332,0096206701,DNIPROGAS,4293,3,2,0," ",hourly,NULL
577,96,"2023-08-03 15:55:27",TEST,96XSO0022762516,0096206801,DNIPROGAS,22762,5,16,0,,hourly,NULL
578,96,"2023-08-03 15:55:30",TEST,96XSO0052172512,0096206901,DNIPROGAS,52172,5,12,0," ",hourly,NULL
579,96,"2023-08-03 15:55:33",TEST,96XSO00238612,0096207001,DNIPROGAS,2386,1,2,0," ",hourly,NULL
580,96,"2023-08-03 15:55:36",TEST,96XSO001550516,0096207101,DNIPROGAS,1550,5,16,0,ZTest1,hourly,NULL
581,96,"2023-08-03 15:55:39",TEST,96XSO0090732,0096207201,DNIPROGAS,907,3,2,0," ",hourly,NULL
582,96,"2023-08-03 15:55:42",TEST,96XSO0062123,0096207301,DNIPROGAS,621,2,3,0," ",hourly,NULL
583,96,"2023-08-03 15:55:47",TEST,96XSO00250111,0096207401,DNIPROGAS,250,1,11,0," ",hourly,NULL
584,96,"2023-08-03 15:55:50",TEST,96XSO001019132,0096207501,DNIPROGAS,10191,3,2,0," ",hourly,NULL
585,96,"2023-08-03 15:55:53",TEST,96XSO00702791,0096207601,DNIPROGAS,7027,9,1,0," ",hourly,NULL
586,96,"2023-08-03 15:55:56",TEST,96XSO0021547117,0096207701,DNIPROGAS,21547,1,17,0,,hourly,NULL
587,96,"2023-08-03 15:55:59",TEST,96XSO005155051,0096207801,DNIPROGAS,51550,5,1,0," ",hourly,NULL
588,96,"2023-08-03 15:56:02",TEST,96XSO0068767124,0096207901,DNIPROGAS,68767,1,24,0,,hourly,NULL
589,96,"2023-08-03 15:56:05",TEST,96XSO00707732,0096208001,DNIPROGAS,7077,3,2,0," ",hourly,NULL
590,96,"2023-08-03 15:56:08",TEST,96XSO001033132,0096208101,DNIPROGAS,10331,3,2,0," ",hourly,NULL
591,96,"2023-08-03 15:56:11",TEST,96XSO0052712,0096208201,DNIPROGAS,527,1,2,0," ",hourly,NULL
592,96,"2023-08-03 15:56:15",TEST,96XSO001764321,0096208301,DNIPROGAS,17643,2,1,0," ",hourly,NULL
593,96,"2023-08-03 15:56:18",TEST,96XSO001152111,0096208401,DNIPROGAS,1152,1,11,0," ",hourly,NULL
594,96,"2023-08-03 15:56:21",TEST,96XSO00583741,0096208501,DNIPROGAS,5837,4,1,0,,hourly,NULL
595,96,"2023-08-03 15:56:24",TEST,96XSO00923222,0096208601,DNIPROGAS,9232,2,2,0," ",hourly,NULL
596,96,"2023-08-03 15:56:27",TEST,96XSO0051471124,0096208701,DNIPROGAS,51471,1,24,0,,hourly,NULL
597,96,"2023-08-03 15:56:30",TEST,96XSO0072172,0096208801,DNIPROGAS,72,1,72,0," ",hourly,NULL
598,96,"2023-08-03 15:56:33",TEST,96XSO008122591,0096208901,DNIPROGAS,81225,9,1,0," ",hourly,NULL
599,96,"2023-08-03 15:56:36",TEST,96XSO002977921,0096209001,DNIPROGAS,29779,2,1,0," ",hourly,NULL
600,96,"2023-08-03 15:56:39",TEST,96XSO00630515,0096209101,DNIPROGAS,6305,1,5,0," ",hourly,NULL
601,96,"2023-08-03 15:56:42",TEST,96XSO00806232,0096209201,DNIPROGAS,8062,3,2,0," ",hourly,NULL
602,96,"2023-08-03 15:56:47",TEST,96XSO00359532,0096209301,DNIPROGAS,3595,3,2,0," ",hourly,NULL
603,96,"2023-08-03 15:56:50",TEST,96XSO00218,0096209401,DNIPROGAS,2,1,8,0,,hourly,NULL
604,96,"2023-08-03 15:56:53",TEST,96XSO00956791,0096209501,DNIPROGAS,9567,9,1,0," ",hourly,NULL
605,96,"2023-08-03 15:56:56",TEST,96XSO00652515,0096209601,DNIPROGAS,6525,1,5,0," ",hourly,NULL
606,96,"2023-08-03 15:56:59",TEST,96XSO00576532,0096209701,DNIPROGAS,5765,3,2,1," ",hourly,NULL
607,96,"2023-08-03 15:57:02",TEST,96XSO00737522,0096209801,DNIPROGAS,7375,2,2,0," ",hourly,NULL
608,96,"2023-08-03 15:57:05",TEST,96XSO00828232,0096209901,DNIPROGAS,8282,3,2,1," ",hourly,NULL
609,96,"2023-08-03 15:57:08",TEST,96XSO00041,0096210001,DNIPROGAS,0,4,1,0," ",hourly,NULL
610,96,"2023-08-03 15:57:11",TEST,96XSO001084031,0096210101,DNIPROGAS,10840,3,1,0," ",hourly,NULL
611,96,"2023-08-03 15:57:14",TEST,96XSO00552111,0096210201,DNIPROGAS,552,1,11,0," ",hourly,NULL
612,96,"2023-08-03 15:57:17",TEST,96XSO00367112,0096210301,DNIPROGAS,3671,1,2,0," ",hourly,NULL
613,96,"2023-08-03 15:57:20",TEST,96XSO004358821,0096210401,DNIPROGAS,43588,2,1,0," ",hourly,NULL
614,96,"2023-08-03 15:57:23",TEST,96XSO00817515,0096210501,DNIPROGAS,8175,1,5,0," ",hourly,NULL
615,96,"2023-08-03 15:57:26",TEST,96XSO00267112,0096210601,DNIPROGAS,2671,1,2,0," ",hourly,NULL
616,96,"2023-08-03 15:57:29",TEST,96XSO002907921,0096210701,DNIPROGAS,29079,2,1,0," ",hourly,NULL
617,96,"2023-08-03 15:57:32",TEST,96XSO001810091,0096210801,DNIPROGAS,18100,9,1,0," ",hourly,NULL
618,96,"2023-08-03 15:57:35",TEST,96XSO00229112,0096210901,DNIPROGAS,229,1,12,0," ",hourly,NULL
619,96,"2023-08-03 15:57:38",TEST,96XSO00955822,0096211001,DNIPROGAS,9558,2,2,0," ",hourly,NULL
620,96,"2023-08-03 15:57:41",TEST,96XSO0021414,0096211101,DNIPROGAS,214,1,4,0," ",hourly,NULL
621,96,"2023-08-03 15:57:45",TEST,96XSO001814391,0096211201,DNIPROGAS,18143,9,1,0," ",hourly,NULL
622,96,"2023-08-03 15:57:49",TEST,96XSO00493111,0096211301,DNIPROGAS,493,1,11,0," ",hourly,NULL
623,96,"2023-08-03 15:57:52",TEST,96XSO00780415,0096211401,DNIPROGAS,7804,1,5,0," ",hourly,NULL
624,96,"2023-08-03 15:57:55",TEST,96XSO004334921,0096211501,DNIPROGAS,43349,2,1,0," ",hourly,NULL
625,96,"2023-08-03 15:57:58",TEST,96XSO001181111,0096211601,DNIPROGAS,1181,1,11,0," ",hourly,NULL
626,96,"2023-08-03 15:58:01",TEST,96XSO0051796516,0096211701,DNIPROGAS,51796,5,16,0,,hourly,NULL
627,96,"2023-08-03 15:58:04",TEST,96XSO00727815,0096211801,DNIPROGAS,7278,1,5,0," ",hourly,NULL
628,96,"2023-08-03 15:58:07",TEST,96XSO00563141,0096211901,DNIPROGAS,5631,4,1,0,,hourly,NULL
629,96,"2023-08-03 15:58:10",TEST,96XSO00999999173,0096212001,DNIPROGAS,999999,1,73,0," ",hourly,NULL
630,96,"2023-08-03 15:58:13",TEST,96XSO0070246124,0096212101,DNIPROGAS,70246,1,24,0,,hourly,NULL
631,96,"2023-08-03 15:58:16",TEST,96XSO001377111,0096212201,DNIPROGAS,1377,1,11,0," ",hourly,NULL
632,96,"2023-08-03 15:58:19",TEST,96XSO001115259,0096212301,DNIPROGAS,11152,5,9,0," ",hourly,NULL
633,96,"2023-08-03 15:58:22",TEST,96XSO00847715,0096212401,DNIPROGAS,8477,1,5,0," ",hourly,NULL
634,96,"2023-08-03 15:58:25",TEST,96XSO00696215,0096212501,DNIPROGAS,6962,1,5,0," ",hourly,NULL
635,96,"2023-08-03 15:58:28",TEST,96XSO004320821,0096212601,DNIPROGAS,43208,2,1,0," ",hourly,NULL
636,96,"2023-08-03 15:58:31",TEST,96XSO00490511,0096212701,DNIPROGAS,490,51,1,0,"ВK-011 No1-",hourly,NULL
637,96,"2023-08-03 15:58:34",TEST,96XSO00641015,0096212801,DNIPROGAS,6410,1,5,0," ",hourly,NULL
638,96,"2023-08-03 15:58:37",TEST,96XSO00274512,0096212901,DNIPROGAS,2745,1,2,0," ",hourly,NULL
639,96,"2023-08-03 15:58:40",TEST,96XSO00363341,0096213001,DNIPROGAS,3633,4,1,0," ",hourly,NULL
640,96,"2023-08-03 15:58:43",TEST,96XSO00203041,0096213101,DNIPROGAS,2030,4,1,0," ",hourly,NULL
641,96,"2023-08-03 15:58:48",TEST,96XSO00832232,0096213201,DNIPROGAS,8322,3,2,1," ",hourly,NULL
642,96,"2023-08-03 15:58:51",TEST,96XSO001115111,0096213301,DNIPROGAS,1115,1,11,0," ",hourly,NULL
643,96,"2023-08-03 15:58:54",TEST,96XSO002761512,0096213401,DNIPROGAS,2761,5,12,0,,hourly,NULL
644,96,"2023-08-03 15:58:57",TEST,96XSO00681915,0096213501,DNIPROGAS,6819,1,5,0," ",hourly,NULL
645,96,"2023-08-03 15:59:00",TEST,96XSO001094111,0096213601,DNIPROGAS,1094,1,11,0," ",hourly,NULL
646,96,"2023-08-03 15:59:03",TEST,96XSO00770015,0096213701,DNIPROGAS,7700,1,5,0," ",hourly,NULL
647,96,"2023-08-03 15:59:06",TEST,96XSO001914321,0096213801,DNIPROGAS,19143,2,1,0," ",hourly,NULL
648,96,"2023-08-03 15:59:09",TEST,96XSO0074771124,0096213901,DNIPROGAS,74771,1,24,0,,hourly,NULL
649,96,"2023-08-03 15:59:12",TEST,96XSO00648715,0096214001,DNIPROGAS,6487,1,5,0," ",hourly,NULL
650,96,"2023-08-03 15:59:15",TEST,96XSO00333332,0096214101,DNIPROGAS,3333,3,2,0," ",hourly,NULL
651,96,"2023-08-03 15:59:18",TEST,96XSO00646331,0096214201,DNIPROGAS,6463,3,1,0," ",hourly,NULL
652,96,"2023-08-03 15:59:24",TEST,96XSO00411632,0096214301,DNIPROGAS,4116,3,2,0," ",hourly,NULL
653,96,"2023-08-03 15:59:27",TEST,96XSO00942522,0096214401,DNIPROGAS,9425,2,2,0," ",hourly,NULL
654,96,"2023-08-03 15:59:30",TEST,96XSO0056036124,0096214501,DNIPROGAS,56036,1,24,0,,hourly,NULL
655,96,"2023-08-03 15:59:33",TEST,96XSO004363221,0096214601,DNIPROGAS,43632,2,1,0," ",hourly,NULL
656,96,"2023-08-03 15:59:36",TEST,96XSO00934422,0096214701,DNIPROGAS,9344,2,2,0," ",hourly,NULL
657,96,"2023-08-03 15:59:39",TEST,96XSO00018,0096214801,DNIPROGAS,0,1,8,0,,hourly,NULL
658,96,"2023-08-03 15:59:42",TEST,96XSO001310591,0096214901,DNIPROGAS,13105,9,1,0," ",hourly,NULL
659,96,"2023-08-03 15:59:47",TEST,96XSO00738632,0096215001,DNIPROGAS,7386,3,2,0," ",hourly,NULL
660,96,"2023-08-03 15:59:50",TEST,96XSO0097714,0096215101,DNIPROGAS,977,1,4,0," ",hourly,NULL
661,96,"2023-08-03 15:59:53",TEST,96XSO00774515,0096215201,DNIPROGAS,7745,1,5,0," ",hourly,NULL
662,96,"2023-08-03 15:59:56",TEST,96XSO0096659,0096215301,DNIPROGAS,966,5,9,0," ",hourly,NULL
663,96,"2023-08-03 15:59:59",TEST,96XSO00051,0096215401,DNIPROGAS,0,5,1,0," ",hourly,NULL
664,96,"2023-08-03 16:00:02",TEST,96XSO00578918,0096215501,DNIPROGAS,5789,1,8,0," ",hourly,NULL
665,96,"2023-08-03 16:00:05",TEST,96XSO00108514,0096215601,DNIPROGAS,1085,1,4,0," ",hourly,NULL
666,96,"2023-08-03 16:00:09",TEST,96XSO003001234,0096215701,DNIPROGAS,30012,3,4,0," ",hourly,NULL
667,96,"2023-08-03 16:00:14",TEST,96XSO00975932,0096215801,DNIPROGAS,9759,3,2,0," ",hourly,NULL
668,96,"2023-08-03 16:00:17",TEST,96XSO00214931,0096215901,DNIPROGAS,2149,3,1,0," ",hourly,NULL
669,96,"2023-08-03 16:00:20",TEST,96XSO0092832,0096216001,DNIPROGAS,928,3,2,0," ",hourly,NULL
670,96,"2023-08-03 16:00:23",TEST,96XSO0020342171,0096216101,DNIPROGAS,20342,1,71,0," ",hourly,NULL
671,96,"2023-08-03 16:00:26",TEST,96XSO00490510,0096216201,DNIPROGAS,490,51,0,0,"ВK-011 No1-",hourly,NULL
672,96,"2023-08-03 16:00:29",TEST,96XSO00822815,0096216301,DNIPROGAS,8228,1,5,0," ",hourly,NULL
673,96,"2023-08-03 16:00:32",TEST,96XSO006174,0096216401,DNIPROGAS,6,1,74,0," ",hourly,NULL
674,96,"2023-08-03 16:00:35",TEST,96XSO002981521,0096216501,DNIPROGAS,29815,2,1,0," ",hourly,NULL
675,96,"2023-08-03 16:00:38",TEST,96XSO00669111,0096216601,DNIPROGAS,669,1,11,0," ",hourly,NULL
676,96,"2023-08-03 16:00:41",TEST,96XSO00860122,0096216701,DNIPROGAS,8601,2,2,0," ",hourly,NULL
677,96,"2023-08-03 16:00:44",TEST,96XSO0051550516,0096216801,DNIPROGAS,51550,5,16,0,ZTest1,hourly,NULL
678,96,"2023-08-03 16:00:49",TEST,96XSO00653015,0096216901,DNIPROGAS,6530,1,5,0," ",hourly,NULL
679,96,"2023-08-03 16:00:52",TEST,96XSO0057471124,0096217001,DNIPROGAS,57471,1,24,0,,hourly,NULL
680,96,"2023-08-03 16:00:55",TEST,96XSO00713732,0096217101,DNIPROGAS,7137,3,2,0," ",hourly,NULL
681,96,"2023-08-03 16:00:58",TEST,96XSO00302814,0096217201,DNIPROGAS,3028,1,4,0," ",hourly,NULL
682,96,"2023-08-03 16:01:01",TEST,96XSO002912021,0096217301,DNIPROGAS,29120,2,1,0," ",hourly,NULL
683,96,"2023-08-03 16:01:04",TEST,96XSO001664221,0096217401,DNIPROGAS,16642,2,1,0," ",hourly,NULL
684,96,"2023-08-03 16:01:07",TEST,96XSO00359832,0096217501,DNIPROGAS,3598,3,2,0," ",hourly,NULL
685,96,"2023-08-03 16:01:10",TEST,96XSO001037111,0096217601,DNIPROGAS,1037,1,11,0," ",hourly,NULL
686,96,"2023-08-03 16:01:13",TEST,96XSO00804191,0096217701,DNIPROGAS,8041,9,1,0," ",hourly,NULL
687,96,"2023-08-03 16:01:16",TEST,96XSO00821715,0096217801,DNIPROGAS,8217,1,5,0," ",hourly,NULL
688,96,"2023-08-03 16:01:19",TEST,96XSO001812191,0096217901,DNIPROGAS,18121,9,1,0," ",hourly,NULL
689,96,"2023-08-03 16:01:22",TEST,96XSO001822521,0096218001,DNIPROGAS,18225,2,1,0," ",hourly,NULL
690,96,"2023-08-03 16:01:25",TEST,96XSO0084912,0096218101,DNIPROGAS,849,1,2,0," ",hourly,NULL
691,96,"2023-08-03 16:01:28",TEST,96XSO0020342124,0096218201,DNIPROGAS,20342,1,24,0," ",hourly,NULL
692,96,"2023-08-03 16:01:31",TEST,96XSO00238842,0096218301,DNIPROGAS,2388,4,2,0,,hourly,NULL
693,96,"2023-08-03 16:01:34",TEST,96XSO00871332,0096218401,DNIPROGAS,8713,3,2,0," ",hourly,NULL
694,96,"2023-08-03 16:01:37",TEST,96XSO002524221,0096218501,DNIPROGAS,25242,2,1,0," ",hourly,NULL
695,96,"2023-08-03 16:01:40",TEST,96XSO00331514,0096218601,DNIPROGAS,3315,1,4,0," ",hourly,NULL
696,96,"2023-08-03 16:01:43",TEST,96XSO0023814,0096218701,DNIPROGAS,238,1,4,0," ",hourly,NULL
697,96,"2023-08-03 16:01:48",TEST,96XSO002539221,0096218801,DNIPROGAS,25392,2,1,0," ",hourly,NULL
698,96,"2023-08-03 16:01:51",TEST,96XSO0050376516,0096218901,DNIPROGAS,50376,5,16,0,"Генеевка ЗОШ",hourly,NULL
699,96,"2023-08-03 16:01:54",TEST,96XSO00952232,0096219001,DNIPROGAS,9522,3,2,0," ",hourly,NULL
700,96,"2023-08-03 16:01:57",TEST,96XSO0045812,0096219101,DNIPROGAS,458,1,2,0," ",hourly,NULL
701,96,"2023-08-03 16:02:00",TEST,96XSO00711732,0096219201,DNIPROGAS,7117,3,2,0," ",hourly,NULL
702,96,"2023-08-03 16:02:03",TEST,96XSO00728022,0096219301,DNIPROGAS,7280,2,2,0," ",hourly,NULL
703,96,"2023-08-03 16:02:06",TEST,96XSO002173,0096219401,DNIPROGAS,2,1,73,0," ",hourly,NULL
704,96,"2023-08-03 16:02:09",TEST,96XSO001072111,0096219501,DNIPROGAS,1072,1,11,0," ",hourly,NULL
705,96,"2023-08-03 16:02:12",TEST,96XSO00418,0096219601,DNIPROGAS,4,1,8,0,,hourly,NULL
706,96,"2023-08-03 16:02:15",TEST,96XSO0022761517,0096219701,DNIPROGAS,22761,5,17,0," ",hourly,NULL
707,96,"2023-08-03 16:02:18",TEST,96XSO0068423,0096219801,DNIPROGAS,684,2,3,0," ",hourly,NULL
708,96,"2023-08-03 16:02:22",TEST,96XSO00479015,0096219901,DNIPROGAS,4790,1,5,0," ",hourly,NULL
709,96,"2023-08-03 16:02:26",TEST,96XSO00577111,0096220001,DNIPROGAS,577,1,11,0," ",hourly,NULL
710,96,"2023-08-03 16:02:29",TEST,96XSO001813131,0096220101,DNIPROGAS,18131,3,1,0," ",hourly,NULL
711,96,"2023-08-03 16:02:32",TEST,96XSO001192111,0096220201,DNIPROGAS,1192,1,11,0," ",hourly,NULL
712,96,"2023-08-03 16:02:35",TEST,96XSO0021272116,0096220301,DNIPROGAS,21272,1,16,0," ",hourly,NULL
713,96,"2023-08-03 16:02:38",TEST,96XSO00318,0096220401,DNIPROGAS,3,1,8,0,,hourly,NULL
714,96,"2023-08-03 16:02:41",TEST,96XSO00555518,0096220501,DNIPROGAS,5555,1,8,0,,hourly,NULL
715,96,"2023-08-03 16:02:44",TEST,96XSO00602932,0096220601,DNIPROGAS,6029,3,2,1," ",hourly,NULL
716,96,"2023-08-03 16:02:50",TEST,96XSO00899991173,0096220701,DNIPROGAS,899991,1,73,0," ",hourly,NULL
717,96,"2023-08-03 16:02:53",TEST,96XSO00342941,0096220801,DNIPROGAS,3429,4,1,0,,hourly,NULL
718,96,"2023-08-03 16:02:56",TEST,96XSO0051847512,0096220901,DNIPROGAS,51847,5,12,0," ",hourly,NULL
719,96,"2023-08-03 16:02:59",TEST,96XSO00021,0096221001,DNIPROGAS,0,2,1,0," ",hourly,NULL
720,96,"2023-08-03 16:03:02",TEST,96XSO003912121,0096221101,DNIPROGAS,39121,2,1,0," ",hourly,NULL
721,96,"2023-08-03 16:03:05",TEST,96XSO00162412,0096221201,DNIPROGAS,1624,1,2,0," ",hourly,NULL
722,96,"2023-08-03 16:03:08",TEST,96XSO001088932,0096221301,DNIPROGAS,10889,3,2,0," ",hourly,NULL
723,96,"2023-08-03 16:03:11",TEST,96XSO00908122,0096221401,DNIPROGAS,9081,2,2,0," ",hourly,NULL
724,96,"2023-08-03 16:03:16",TEST,96XSO00324312,0096221501,DNIPROGAS,3243,1,2,0," ",hourly,NULL
725,96,"2023-08-03 16:03:19",TEST,96XSO00768315,0096221601,DNIPROGAS,7683,1,5,0," ",hourly,NULL
726,96,"2023-08-03 16:03:22",TEST,96XSO00579018,0096221701,DNIPROGAS,5790,1,8,0," ",hourly,NULL
727,96,"2023-08-03 16:03:25",TEST,96XSO00675615,0096221801,DNIPROGAS,6756,1,5,0," ",hourly,NULL
728,96,"2023-08-03 16:03:28",TEST,96XSO00152112,0096221901,DNIPROGAS,152,1,12,0," ",hourly,NULL
729,96,"2023-08-03 16:03:31",TEST,96XSO00837532,0096222001,DNIPROGAS,8375,3,2,0," ",hourly,NULL
730,96,"2023-08-03 16:03:34",TEST,96XSO00712332,0096222101,DNIPROGAS,7123,3,2,0," ",hourly,NULL
731,96,"2023-08-03 16:03:37",TEST,96XSO0062441124,0096222201,DNIPROGAS,62441,1,24,0,,hourly,NULL
732,96,"2023-08-03 16:03:40",TEST,96XSO001551516,0096222301,DNIPROGAS,1551,5,16,0,,hourly,NULL
733,96,"2023-08-03 16:03:43",TEST,96XSO00288132,0096222401,DNIPROGAS,2881,3,2,0," ",hourly,NULL
734,96,"2023-08-03 16:03:49",TEST,96XSO0067109124,0096222501,DNIPROGAS,67109,1,24,0,,hourly,NULL
735,96,"2023-08-03 16:03:52",TEST,96XSO00918,0096222601,DNIPROGAS,9,1,8,0,,hourly,NULL
736,96,"2023-08-03 16:03:55",TEST,96XSO00189832,0096222701,DNIPROGAS,1898,3,2,0," ",hourly,NULL
737,96,"2023-08-03 16:03:58",TEST,96XSO0014641,0096222801,DNIPROGAS,146,4,1,0,,hourly,NULL
738,96,"2023-08-03 16:04:01",TEST,96XSO001115532,0096222901,DNIPROGAS,11155,3,2,1," ",hourly,NULL
739,96,"2023-08-03 16:04:04",TEST,96XSO00818,0096223001,DNIPROGAS,8,1,8,0,,hourly,NULL
740,96,"2023-08-03 16:04:07",TEST,96XSO00205832,0096223101,DNIPROGAS,2058,3,2,1," ",hourly,NULL
741,96,"2023-08-03 16:04:10",TEST,96XSO00902722,0096223201,DNIPROGAS,9027,2,2,0," ",hourly,NULL
742,96,"2023-08-03 16:04:13",TEST,96XSO001010111,0096223301,DNIPROGAS,1010,1,11,0," ",hourly,NULL
743,96,"2023-08-03 16:04:16",TEST,96XSO001147111,0096223401,DNIPROGAS,1147,1,11,0," ",hourly,NULL
744,96,"2023-08-03 16:04:19",TEST,96XSO00956822,0096223501,DNIPROGAS,9568,2,2,0," ",hourly,NULL
745,96,"2023-08-03 16:04:22",TEST,96XSO002857121,0096223601,DNIPROGAS,28571,2,1,0," ",hourly,NULL
746,96,"2023-08-03 16:04:25",TEST,96XSO00897932,0096223701,DNIPROGAS,8979,3,2,0," ",hourly,NULL
747,96,"2023-08-03 16:04:28",TEST,96XSO00892932,0096223801,DNIPROGAS,8929,3,2,0," ",hourly,NULL
748,96,"2023-08-03 16:04:31",TEST,96XSO00663515,0096223901,DNIPROGAS,6635,1,5,0," ",hourly,NULL
749,96,"2023-08-03 16:04:33",TEST,96XSO002610821,0096224001,DNIPROGAS,26108,2,1,0," ",hourly,NULL
750,96,"2023-08-03 16:04:36",TEST,96XSO00276914,0096224101,DNIPROGAS,2769,1,4,0," ",hourly,NULL
751,96,"2023-08-03 16:04:39",TEST,96XSO00663632,0096224201,DNIPROGAS,6636,3,2,0," ",hourly,NULL
752,96,"2023-08-03 16:04:43",TEST,96XSO00518,0096224301,DNIPROGAS,5,1,8,0,,hourly,NULL
753,96,"2023-08-03 16:04:47",TEST,96XSO004344421,0096224401,DNIPROGAS,43444,2,1,0," ",hourly,NULL
754,96,"2023-08-03 16:04:51",TEST,96XSO00610232,0096224501,DNIPROGAS,6102,3,2,0," ",hourly,NULL
755,96,"2023-08-03 16:04:54",TEST,96XSO00132,0096224601,DNIPROGAS,1,3,2,0," ",hourly,NULL
756,96,"2023-08-03 16:04:57",TEST,96XSO00957732,0096224701,DNIPROGAS,9577,3,2,0," ",hourly,NULL
757,96,"2023-08-03 16:05:00",TEST,96XSO00750715,0096224801,DNIPROGAS,7507,1,5,0," ",hourly,NULL
758,96,"2023-08-03 16:05:03",TEST,96XSO00951822,0096224901,DNIPROGAS,9518,2,2,0," ",hourly,NULL
759,96,"2023-08-03 16:05:06",TEST,96XSO00764991,0096225001,DNIPROGAS,7649,9,1,0," ",hourly,NULL
760,96,"2023-08-03 16:05:09",TEST,96XSO001104232,0096225101,DNIPROGAS,11042,3,2,0," ",hourly,NULL
761,96,"2023-08-03 16:05:12",TEST,96XSO00234232,0096225201,DNIPROGAS,2342,3,2,0," ",hourly,NULL
762,96,"2023-08-03 16:05:15",TEST,96XSO00822315,0096225301,DNIPROGAS,8223,1,5,0," ",hourly,NULL
763,96,"2023-08-03 16:05:18",TEST,96XSO00915132,0096225401,DNIPROGAS,9151,3,2,1," ",hourly,NULL
764,96,"2023-08-03 16:05:21",TEST,96XSO00565531,0096225501,DNIPROGAS,5655,3,1,0," ",hourly,NULL
765,96,"2023-08-03 16:05:24",TEST,96XSO0063615124,0096225601,DNIPROGAS,63615,1,24,0,,hourly,NULL
766,96,"2023-08-03 16:05:27",TEST,96XSO00757215,0096225701,DNIPROGAS,7572,1,5,0," ",hourly,NULL
767,96,"2023-08-03 16:05:30",TEST,96XSO001937521,0096225801,DNIPROGAS,19375,2,1,0," ",hourly,NULL
768,96,"2023-08-03 16:05:33",TEST,96XSO006171,0096225901,DNIPROGAS,6,1,71,0," ",hourly,NULL
769,96,"2023-08-03 16:05:36",TEST,96XSO00685915,0096226001,DNIPROGAS,6859,1,5,0," ",hourly,NULL
770,96,"2023-08-03 16:05:39",TEST,96XSO00215512,0096226101,DNIPROGAS,2155,1,2,0," ",hourly,NULL
771,96,"2023-08-03 16:05:42",TEST,96XSO00314414,0096226201,DNIPROGAS,3144,1,4,0," ",hourly,NULL
772,96,"2023-08-03 16:05:45",TEST,96XSO00728615,0096226301,DNIPROGAS,7286,1,5,0," ",hourly,NULL
773,96,"2023-08-03 16:05:50",TEST,96XSO00810715,0096226401,DNIPROGAS,8107,1,5,0," ",hourly,NULL
774,96,"2023-08-03 16:05:53",TEST,96XSO00190532,0096226501,DNIPROGAS,1905,3,2,0," ",hourly,NULL
775,96,"2023-08-03 16:05:56",TEST,96XSO00670332,0096226601,DNIPROGAS,6703,3,2,0," ",hourly,NULL
776,96,"2023-08-03 16:05:59",TEST,96XSO00100001173,0096226701,DNIPROGAS,100001,1,73,0," ",hourly,NULL
777,96,"2023-08-03 16:06:02",TEST,96XSO00496015,0096226801,DNIPROGAS,4960,1,5,0," ",hourly,NULL
778,96,"2023-08-03 16:06:05",TEST,96XSO00618,0096226901,DNIPROGAS,6,1,8,0,,hourly,NULL
779,96,"2023-08-03 16:06:08",TEST,96XSO002982321,0096227001,DNIPROGAS,29823,2,1,0," ",hourly,NULL
780,96,"2023-08-03 16:06:11",TEST,96XSO00333511,0096227101,DNIPROGAS,333,51,1,0,"ВK-011  No333",hourly,NULL
781,96,"2023-08-03 16:06:14",TEST,96XSO00935111,0096227201,DNIPROGAS,935,1,11,0," ",hourly,NULL
782,96,"2023-08-03 16:06:17",TEST,96XSO00023,0096227301,DNIPROGAS,0,2,3,0," ",hourly,NULL
783,96,"2023-08-03 16:06:20",TEST,96XSO0068704124,0096227401,DNIPROGAS,68704,1,24,0,,hourly,NULL
784,96,"2023-08-03 16:06:23",TEST,96XSO002660421,0096227501,DNIPROGAS,26604,2,1,0," ",hourly,NULL
785,96,"2023-08-03 16:06:26",TEST,96XSO003862321,0096227601,DNIPROGAS,38623,2,1,0," ",hourly,NULL
786,96,"2023-08-03 16:06:29",TEST,96XSO00888232,0096227701,DNIPROGAS,8882,3,2,0," ",hourly,NULL
787,96,"2023-08-03 16:06:32",TEST,96XSO00452232,0096227801,DNIPROGAS,4522,3,2,0," ",hourly,NULL
788,96,"2023-08-03 16:06:35",TEST,96XSO0099887718,0096227901,DNIPROGAS,998877,1,8,0,,hourly,NULL
789,96,"2023-08-03 16:06:38",TEST,96XSO0010010111,0096228001,DNIPROGAS,10010,1,11,0," ",hourly,NULL
790,96,"2023-08-03 16:06:41",TEST,96XSO00957111,0096228101,DNIPROGAS,957,1,11,0," ",hourly,NULL
791,96,"2023-08-03 16:06:44",TEST,96XSO00717715,0096228201,DNIPROGAS,7177,1,5,0," ",hourly,NULL
792,96,"2023-08-03 16:06:50",TEST,96XSO00342741,0096228301,DNIPROGAS,3427,4,1,0," ",hourly,NULL
793,96,"2023-08-03 16:06:52",TEST,96XSO00129112,0096228401,DNIPROGAS,129,1,12,0," ",hourly,NULL
794,96,"2023-08-03 16:06:55",TEST,96XSO00963732,0096228501,DNIPROGAS,9637,3,2,0," ",hourly,NULL
795,96,"2023-08-03 16:06:58",TEST,96XSO000151,0096228601,DNIPROGAS,0,15,1,0," ",hourly,NULL
796,96,"2023-08-03 16:07:01",TEST,96XSO004317421,0096228701,DNIPROGAS,43174,2,1,0," ",hourly,NULL
797,96,"2023-08-03 16:07:04",TEST,96XSO00697215,0096228801,DNIPROGAS,6972,1,5,0," ",hourly,NULL
798,96,"2023-08-03 16:07:07",TEST,96XSO00550232,0096228901,DNIPROGAS,5502,3,2,1," ",hourly,NULL
799,96,"2023-08-03 16:07:10",TEST,96XSO002528721,0096229001,DNIPROGAS,25287,2,1,0," ",hourly,NULL
800,96,"2023-08-03 16:07:13",TEST,96XSO001816291,0096229101,DNIPROGAS,18162,9,1,0," ",hourly,NULL
801,96,"2023-08-03 16:07:16",TEST,96XSO00233641,0096229201,DNIPROGAS,2336,4,1,0," ",hourly,NULL
802,96,"2023-08-03 16:07:19",TEST,96XSO003862421,0096229301,DNIPROGAS,38624,2,1,0," ",hourly,NULL
803,96,"2023-08-03 16:07:22",TEST,96XSO001114832,0096229401,DNIPROGAS,11148,3,2,1," ",hourly,NULL
804,96,"2023-08-03 16:07:25",TEST,96XSO00336514,0096229501,DNIPROGAS,3365,1,4,0," ",hourly,NULL
805,96,"2023-08-03 16:07:28",TEST,96XSO00554832,0096229601,DNIPROGAS,5548,3,2,1," ",hourly,NULL
806,96,"2023-08-03 16:07:31",TEST,96XSO004338821,0096229701,DNIPROGAS,43388,2,1,0," ",hourly,NULL
807,96,"2023-08-03 16:07:34",TEST,96XSO001810591,0096229801,DNIPROGAS,18105,9,1,0," ",hourly,NULL
808,96,"2023-08-03 16:07:37",TEST,96XSO003035233,0096229901,DNIPROGAS,30352,3,3,0," ",hourly,NULL
809,96,"2023-08-03 16:07:40",TEST,96XSO001011632,0096230001,DNIPROGAS,10116,3,2,0," ",hourly,NULL
810,96,"2023-08-03 16:07:43",TEST,96XSO00238841,0096230101,DNIPROGAS,2388,4,1,0,,hourly,NULL
811,96,"2023-08-03 16:07:48",TEST,96XSO003051533,0096230201,DNIPROGAS,30515,3,3,0," ",hourly,NULL
812,96,"2023-08-03 16:07:54",TEST,96XSO001125111,0096230301,DNIPROGAS,1125,1,11,0," ",hourly,NULL
813,96,"2023-08-03 16:07:57",TEST,96XSO002762512,0096230401,DNIPROGAS,2762,5,12,0," ",hourly,NULL
814,96,"2023-08-09 21:59:10","ПрАТ "БОБРОВИЦЬКЕ ХПП"",96XSO00351912,0096292301,DNIPROGAS,3519,1,2,0,"СУШКИ GSI, SUKUP",hourly,NULL
815,96,"2023-08-09 21:59:10",Test,96XSO009594562232,0096292401,DNIPROGAS,959456223,2,2,0," ",hourly,NULL
816,96,"2023-08-09 21:59:10",Test,96XSO00895932,0096292501,DNIPROGAS,8959,3,2,1," ",hourly,NULL
817,96,"2023-08-09 21:59:10",Test,96XSO00507132,0096292601,DNIPROGAS,5071,3,2,0," ",hourly,NULL
818,96,"2023-08-09 21:59:10",Test,96XSO004294953311,0096292701,DNIPROGAS,4294953311,5,16,0," ",hourly,NULL
819,96,"2023-08-12 23:25:24",Test,96XSO0055555116,0096293101,DNIPROGAS,55555,1,16,0,,hourly,NULL
820,96,"2023-09-01 14:55:26","     КОМАРНО     САДОЧОК КАЗОЧКА",96XSO0058814,0096293401,DNIPROGAS,588,1,4,0,"КОМАРНО,СИЧ.СТР.29",hourly,NULL
821,96,"2023-09-02 14:55:24",Test,96XSO00377631,0096293701,DNIPROGAS,3776,3,1,0," ",hourly,NULL
822,96,"2023-09-08 14:55:25","ДП Укргазтех",96XSO0058153512,0096293901,DNIPROGAS,58153,5,12,0,"190 Комб.Придн.",hourly,NULL
823,96,"2023-09-15 14:55:25",Test,96XSO00404332,0096294201,DNIPROGAS,4043,3,2,0," ",hourly,NULL
824,96,"2023-09-15 14:55:25",Test,96XSO001027232,0096294301,DNIPROGAS,10272,3,2,0," ",hourly,NULL
825,96,"2023-09-16 14:55:25",Test,96XSO00557332,0096294501,DNIPROGAS,5573,3,2,0," ",hourly,NULL
826,96,"2023-09-25 08:53:55",00941-1.........................,96XS941230,0096425101,DNIPROGAS,941,2,3,0,................................,hourly,NULL
827,96,"2023-09-25 08:54:07",Харьков,96XS18131910,0096425201,DNIPROGAS,18131,9,1,0,Харьков________________________,hourly,NULL
828,96,"2023-09-25 08:54:19","ТКЕ КОНОВАЛ 132.................",96XS658230,0096425301,DNIPROGAS,658,2,3,0,................................,hourly,NULL
829,96,"2023-09-25 08:54:30",TEST,96XS2690320,0096425401,DNIPROGAS,2690,3,2,0," ",hourly,NULL
830,96,"2023-09-25 08:54:42",TEST,96XS8288320,0096425501,DNIPROGAS,8288,3,2,0," ",hourly,NULL
831,96,"2023-09-25 08:54:54",TEST,96XS7258321,0096425601,DNIPROGAS,7258,3,2,1," ",hourly,NULL
832,96,"2023-09-25 08:55:06",TEST,96XS7778321,0096425701,DNIPROGAS,7778,3,2,1," ",hourly,NULL
833,96,"2023-09-25 08:55:18",TEST,96XS9899320,0096425801,DNIPROGAS,9899,3,2,0," ",hourly,NULL
834,96,"2023-09-25 08:55:30",TEST,96XS2133321,0096425901,DNIPROGAS,2133,3,2,1," ",hourly,NULL
835,96,"2023-09-25 08:55:43",TEST,96XS7269320,0096426001,DNIPROGAS,7269,3,2,0," ",hourly,NULL
836,96,"2023-09-25 08:55:55",TEST,96XS9228321,0096426101,DNIPROGAS,9228,3,2,1," ",hourly,NULL
837,96,"2023-09-25 08:56:07",TEST,96XS11337320,0096426201,DNIPROGAS,11337,3,2,0," ",hourly,NULL
838,96,"2023-09-25 08:56:19",TEST,96XS11012320,0096426301,DNIPROGAS,11012,3,2,0," ",hourly,NULL
839,96,"2023-09-25 08:56:31",TEST,96XS8201320,0096426401,DNIPROGAS,8201,3,2,0," ",hourly,NULL
840,96,"2023-09-25 08:56:43",TEST,96XS8959320,0096426501,DNIPROGAS,8959,3,2,0," ",hourly,NULL
841,96,"2023-09-25 08:56:55",TEST,96XS7375321,0096426601,DNIPROGAS,7375,3,2,1," ",hourly,NULL
842,96,"2023-09-25 08:57:07",TEST,96XS10139320,0096426701,DNIPROGAS,10139,3,2,0," ",hourly,NULL
843,96,"2023-09-25 08:57:19",TEST,96XS3515321,0096426801,DNIPROGAS,3515,3,2,1," ",hourly,NULL
844,96,"2023-09-25 08:57:31",TEST,96XS9598320,0096426901,DNIPROGAS,9598,3,2,0," ",hourly,NULL
845,96,"2023-09-25 08:57:43",TEST,96XS10191321,0096427001,DNIPROGAS,10191,3,2,1," ",hourly,NULL
846,96,"2023-09-25 08:57:55",TEST,96XS8062321,0096427101,DNIPROGAS,8062,3,2,1," ",hourly,NULL
847,96,"2023-09-25 08:58:07",TEST,96XS5765320,0096427201,DNIPROGAS,5765,3,2,0," ",hourly,NULL
848,96,"2023-09-25 08:58:19",TEST,96XS8282320,0096427301,DNIPROGAS,8282,3,2,0," ",hourly,NULL
849,96,"2023-09-25 08:58:30",TEST,96XS5071321,0096427401,DNIPROGAS,5071,3,2,1," ",hourly,NULL
850,96,"2023-09-25 08:58:42",TEST,96XS8322320,0096427501,DNIPROGAS,8322,3,2,0," ",hourly,NULL
851,96,"2023-09-25 08:58:54",TEST,96XS966591,0096427601,DNIPROGAS,966,5,9,1," ",hourly,NULL
852,96,"2023-09-25 08:59:06",TEST,96XS6029320,0096427701,DNIPROGAS,6029,3,2,0," ",hourly,NULL
853,96,"2023-09-25 08:59:18",TEST,96XS2058320,0096427801,DNIPROGAS,2058,3,2,0," ",hourly,NULL
854,96,"2023-09-25 08:59:30",TEST,96XS2342321,0096427901,DNIPROGAS,2342,3,2,1," ",hourly,NULL
855,96,"2023-09-25 08:59:42",TEST,96XS9151320,0096428001,DNIPROGAS,9151,3,2,0," ",hourly,NULL
856,96,"2023-09-25 08:59:54",TEST,96XS11155320,0096428101,DNIPROGAS,11155,3,2,0," ",hourly,NULL
857,96,"2023-09-25 09:00:06",TEST,96XS5502320,0096428201,DNIPROGAS,5502,3,2,0," ",hourly,NULL
858,96,"2023-09-25 09:00:18",TEST,96XS11148320,0096428301,DNIPROGAS,11148,3,2,0," ",hourly,NULL
859,96,"2023-09-25 09:00:29",TEST,96XS5548320,0096428401,DNIPROGAS,5548,3,2,0," ",hourly,NULL
860,6,"2023-09-26 22:33:09","Потребитель 128_3 ",56XSO000000009204,0092428801,VINNITCAGAS,6995,1,5,0,0,hourly,4288
861,6,"2023-09-29 10:16:37",QWERTY,56XSO000000030702,0092429401,VINNITCAGAS,6995,1,5,0,,hourly,NULL
