id,customerID,client_name,client_eic,gas_node,gas_operator,serNUM,mfDEV,typeDEV,chNUM,address,scenario,note
1,6,"Потребитель 1т",56XSO00000000001,000000000011,GAS_1,195,1,12,0,0,hourly,0
2,6,"Потребитель 1т",56XSO00000000001,000000000012,GAS_1,2906,1,2,0,0,hourly,0
3,6,"Потребитель 2т",56XSO00000000002,000000000021,GAS_2,4588,1,5,0,0,hourly,0
4,6,"Потребитель 3т",56XSO00000000003,000000000031,GAS_3,5256,1,5,0,0,hourly,0
5,4,"ПрАТ "АвтоКрАЗ"",56XO00005MGKF00C,0411,KREMENCHUKGAS,8148,1,5,0,"Харків, вул. Сагайдачного 14",hourly,0
6,4,"ПрАТ "Кременчукм'ясо"",56XO0000U1W0Q00U,0421,KREMENCHUKGAS,8431,1,5,0,"Харків, вул. Сагайдачного 14",hourly,0
7,4,"АТ "Галичфарм"",56XO00005M88500C,0431,LVIVGAS,4984,1,8,0,"Харків, вул. Сагайдачного 14",hourly,0
8,5,"ФОП "Карабак Людмила Хухутовна"",56XO00063011600G,0511,DNIPROGAS,52257,1,24,0,0,hourly,0
9,18,"Потребитель 1",56XSO00000000004,000000000041,GAS_1,8148,1,5,0,"ул.Хухулица 171",hourly,0
10,18,"Потребитель 2",56XSO00000000005,000000000051,GAS_2,8431,1,5,0,"ул.Хухулица 171",hourly,0
11,18,"Потребитель 3",56XSO00000000006,000000000061,GAS_3,4984,1,8,0,"ул.Хухулица 171",hourly,0
12,18,"Потребитель 4 ",56XSO00000000007,000000000071,GAS_1,10139,3,2,0,"ул.Хухулица 171",hourly,0
13,5,"ПРАО Термолайф",56XSO00000000051,0521,KHARKIVMISKGAS,7668,1,5,0,0,hourly,0
14,4,"ПрАТ "АвтоКрАЗ"",56XO00005MGKF00C,0412,KREMENCHUKGAS,5984,1,5,0,"Харків, вул. Сагайдачного 14",hourly,0
15,6,"ДП "Закупянский кар'єр"",56XSO00000000071,0711,KHMELNYTSCGAS,7821,1,5,0,0,hourly,0
16,7,"ПАТ "Мена Пак"",56XSO00000000072,0721,CHERNIGIVGAS,5407,1,5,0,0,hourly,0
17,7,"ПАТ "Мена Пак"",56XSO00000000072,0722,CHERNIGIVGAS,2742,1,2,0,0,hourly,0
18,7,"ТОВ "Органік мілк"",56XSO00000000073,0731,ZHYTOMYRGAS,1490,1,11,0,0,hourly,0
19,7,"ТОВ "Марія"",56XSO00000000074,0741,LVIVGAS,7673,1,5,0,0,hourly,0
20,7,"ТОВ "Ростра"",56XSO00000000075,0751,CHERNIGIVGAS,1500,1,11,0,0,hourly,0
21,7,"ТОВ "ВіДі Автострада"",56XSO00000000076,0761,KYIVGAS,2087,1,2,0,0,hourly,0
22,7,"ТОВ "ВіДі Автосіті Кільцева"",56XSO00000000077,0771,KYIVGAS,3414,1,2,0,0,hourly,0
23,4,"ПАТ "Бердічевський машинобудівний завод "Прогрес"",56XO0000061BU00H,0441,ZHYTOMYRGAS,10139,3,2,0,"Харків, вул. Сагайдачного 14",hourly,0
24,4,"ПАТ "Бердічевський машинобудівний завод "Прогрес"",56XO0000061BU00H,0442,ZHYTOMYRGAS,10191,3,2,0,"Харків, вул. Сагайдачного 14",hourly,0
25,4,"АТ "Галичфарм"",56XO00005M88500C,0432,LVIVGAS,11148,3,2,0,"Харків, вул. Сагайдачного 14",hourly,0
26,4,"АТ "Галичфарм"",56XO00005M88500C,0433,LVIVGAS,11148,3,2,1,"Харків, вул. Сагайдачного 14",hourly,0
27,7,"ТОВ "Скриня плюс"",56XSO00000000078,0781,LVIVGAS,5548,3,2,0,0,hourly,0
28,8,"КП "Теплоенергетик"(Могилів-Подільск)",56XSO00000000081,0811,VINNITCAGAS,998,1,11,0,0,hourly,0
29,8,"МКП "Енергоресурс"",56XSO00000000082,0821,VINNITCAGAS,753,1,11,0,0,hourly,0
30,8,"КП "Теплозабезпечення" (Коростень)",56XSO00000000083,0831,ZHYTOMYRGAS,20873,1,15,0,0,hourly,0
31,8,"Котельня КП "Озерне"",56XSO00000000084,0841,ZHYTOMYRGAS,1444,1,11,0,0,hourly,0
32,8,"ТОВ "Крігер Енергія"",56XSO00000000085,0851,ZHYTOMYRGAS,2327,1,2,0,0,hourly,0
33,8,"КП "Андріївська тепломережа"",56XSO00000000086,0861,ZAPORIZHGAS,6927,1,5,0,0,hourly,0
34,8,"Барський ГПК ім.Грушевського (Гуртожиток 2)",56XSO00000000087,0871,VINNITCAGAS,260,1,12,0,0,hourly,0
35,8,"Вінницький коледж НУХТ",56XSO00000000088,0881,VINNITCAGAS,21527,1,15,0,0,hourly,0
36,8,"ОСББ "Гагарінський 2010" ",56XSO00000000089,0891,DNIPROGAS,7303,1,5,0,0,hourly,0
37,8,"ОК "Будинок 27 Д"",56XSO00000000810,08101,DNIPROGAS,6784,1,5,0,0,hourly,0
38,8,"ОСББ "Дарницька 19"",56XSO00000000811,08111,DNIPROGAS,5237,1,5,0,0,hourly,0
39,8,"КП "Новотроїцький сількомунгосп"",56XSO00000000812,08121,ZAPORIZHGAS,6790,1,5,0,0,hourly,0
40,8,"КП "Червонопільський сількомунгосп"",56XSO00000000813,08131,ZAPORIZHGAS,1613,1,4,0,0,hourly,0
41,7,"ПБП "ВИМАЛ"",56XSO00000000079,0791,CHERNIGIVGAS,550,1,11,0,0,hourly,0
42,7,"ПБП "ВИМАЛ"",56XSO00000000079,0792,CHERNIGIVGAS,1402,1,2,0,0,hourly,0
43,9,"ТОВ "Бердичівський пивоварний завод" ",56XSO00000000091,0911,ZHYTOMYRGAS,3515,3,2,0,0,hourly,0
44,9,"СТОВ "Батьківщина" (Прилуки)",56XSO00000000092,0921,CHERNIGIVGAS,3614,1,2,0,0,hourly,0
45,9,"СТОВ "Батьківщина"  (Срібне)",56XSO00000000093,0931,CHERNIGIVGAS,2761,1,2,0,0,hourly,0
46,9,"ПрАТ "Березнівське птахопідприємство" ",56XSO00000000094,0941,RIVNEGAS,2766,1,2,0,0,hourly,0
47,18,"Потребитель 4 ",56XSO00000000007,000000000072,GAS_1,10191,3,2,0,0,hourly,0
48,10,"ТОВ "Сучасна Архітектура Міст"",56XSO00000001001,1012,KYIVOBLGAS,7817,1,5,0,0,hourly,0
49,11,"ТОВ "Берегівське хлібоприймальне підприємство"",56XO0001371H7002,1111,ZAKARPATGAS,6859,1,5,0,0,hourly,0
50,11,"ТОВ "Берегівське хлібоприймальне підприємство"",56XO0001371H7002,1112,ZAKARPATGAS,1419,1,11,0,0,hourly,0
51,13,"ТОВ "Носівське хлібоприймальне підприємство"",56WP41E00QLNA00N,1121,CHERNIGIVGAS,9228,3,2,0,0,hourly,0
52,13,"ТОВ "Носівське хлібоприймальне підприємство"",56WP41E00QLNA00N,1122,CHERNIGIVGAS,5502,3,2,0,0,hourly,0
53,14,"ТОВ "Малодівицьке хлібоприймальне підприємство"",56XO000128HLZ00Y,1131,CHERNIGIVGAS,5714,1,5,0,0,hourly,0
54,13,"ТОВ "Носівське хлібоприймальне підприємство"",56WP41E00QLNA00N,1123,CHERNIGIVGAS,5502,3,2,1,0,hourly,0
55,12,"ООО "Днепропресс сталь"",56XO0000UPM5S000,1211,DNIPROGAS,21358,1,15,0,0,hourly,0
56,9,"ТОВ "Кондитерська фабрика "Квітень"",56XSO00000000095,0951,DNIPROGAS,6519,1,5,0,0,hourly,0
57,4,"ВАТ "Полтавський ГЗК"",56XSO00000000444,0451,KREMENCHUKGAS,1282,7,2,0,"Харків, вул. Сагайдачного 14",hourly,0
58,10,"ТОВ "Сучасна Архітектура Міст"",56XSO00000001001,1011,KYIVOBLGAS,7056,1,5,0,0,hourly,0
59,15,"ТОВ "Метало Гальва Україна"",56XSO00000001501,1511,KYIVOBLGAS,7940,1,5,0,0,hourly,0
60,15,"ТОВ "Метало Гальва Україна"",56XSO00000001501,1512,KYIVOBLGAS,7724,1,5,0,0,hourly,0
61,15,"ТзОВ "Кондитерська фабрика "Ярич"",56XSO00000001502,1521,LVIVGAS,29048,2,1,0,0,hourly,0
62,15,"ПрАТ "Теремно Хліб"",56XO00005E5JA00B,1531,VOLYNGAS,7625,1,5,0,0,hourly,0
63,15,"ПрАТ "Теремно Хліб"",56XO00005E5JA00B,1532,VOLYNGAS,7623,1,5,0,0,hourly,0
64,15,"ПрАТ "Компанія Ензим"",56XSO00000001504,1541,LVIVGAS,7778,3,2,0,0,hourly,0
65,15,"ПрАТ "Компанія Ензим"",56XSO00000001504,1542,LVIVGAS,7778,3,2,1,0,hourly,0
66,15,"ТОВ "Технокап УА"",56XSO00000001505,1551,LVIVGAS,43217,2,1,0,0,hourly,0
67,15,"СП "Галка Лтд"",56XSO00000001506,1561,LVIVGAS,7882,1,5,0,0,hourly,0
68,3,"Потребитель 1",56XSO000000000001,00000011,GAS_1,6995,1,5,0,"Тест ул. Тест 1 ",hourly,0
69,3,"Потребитель 2",56XSO000000000002,00000012,GAS_1,6178,1,5,0,"Тест ул. Тест 2",hourly,0
70,3,"Потребитель 3",56XSO000000000003,00000013,GAS_2,2274,1,2,0,"Тест ул. Тест 3 ",hourly,0
71,3,"Потребитель 4",56XSO000000000004,00000014,GAS_2,5591,1,5,0,"Тест ул. Тест 4 ",hourly,0
72,3,"Потребитель 5",56XSO000000000005,00000015,GAS_3,8375,1,5,0,"Тест ул. Тест 5",hourly,0
73,3,"Потребитель 6",56XSO000000000006,00000016,GAS_3,6928,1,5,0,"Тест ул. Тест 6",hourly,0
74,21,Альянс,56XSO00000002101,2101,GAS_2,5074,1,5,0,0,hourly,0
75,21,Альянс,56XSO00000002102,2102,GAS_2,6200,1,5,0,0,hourly,0
76,22,"ТОВ "ДНЕПРОПРЕСС СТАЛЬ"",56XSO00000002201,2201,GAS_2,21358,1,15,0,0,hourly,0
77,23,"ТОВ "АГРО-РОСЬ"",56XSO00000002301,2301,GAS_2,5765,3,2,0,0,hourly,0
78,23,"ТОВ "АГРО-РОСЬ"",56XSO00000002302,2302,GAS_2,7269,3,2,0,0,hourly,0
79,24,"ОСББ "БЕСТУЖЕВСЬКІ САДИ"",56XSO00000002401,2401,GAS_2,1085,1,11,0,0,hourly,0
80,24,"ОСББ "БЕСТУЖЕВСЬКІ САДИ"",56XSO00000002402,2402,GAS_2,1110,1,11,0,0,hourly,0
81,24,"ОСББ "ЦІЛИНОГРАДСЬКА"",56XSO00000002403,2403,GAS_2,871,1,11,0,0,hourly,0
82,25,"ПрАТ "БЕРДЯНСЬКЕ ПІДПРИЄМСТВО ТЕПЛОВИХ МЕРЕЖ"",56XSO00000002501,2501,GAS_2,6471,1,5,0,0,hourly,0
83,25,"ПрАТ "БЕРДЯНСЬКЕ ПІДПРИЄМСТВО ТЕПЛОВИХ МЕРЕЖ"",56XSO00000002502,2502,GAS_2,6227,1,5,0,0,hourly,0
84,25,"ПрАТ "БЕРДЯНСЬКЕ ПІДПРИЄМСТВО ТЕПЛОВИХ МЕРЕЖ"",56XSO00000002503,2503,GAS_2,6332,1,5,0,0,hourly,0
85,25,"ПрАТ "БЕРДЯНСЬКЕ ПІДПРИЄМСТВО ТЕПЛОВИХ МЕРЕЖ"",56XSO00000002504,2504,GAS_2,6228,1,5,0,0,hourly,0
86,25,"ПрАТ "БЕРДЯНСЬКЕ ПІДПРИЄМСТВО ТЕПЛОВИХ МЕРЕЖ"",56XSO00000002505,2505,GAS_2,6226,1,5,0,0,hourly,0
87,25,"ПрАТ "БЕРДЯНСЬКЕ ПІДПРИЄМСТВО ТЕПЛОВИХ МЕРЕЖ"",56XSO00000002506,2506,GAS_2,6347,1,5,0,0,hourly,0
88,25,"ПрАТ "БЕРДЯНСЬКЕ ПІДПРИЄМСТВО ТЕПЛОВИХ МЕРЕЖ"",56XSO00000002507,2507,GAS_2,6333,1,5,0,0,hourly,0
89,25,"ПрАТ "БЕРДЯНСЬКЕ ПІДПРИЄМСТВО ТЕПЛОВИХ МЕРЕЖ"",56XSO00000002508,2508,GAS_2,243,1,12,0,0,hourly,0
90,25,"ПрАТ "БЕРДЯНСЬКЕ ПІДПРИЄМСТВО ТЕПЛОВИХ МЕРЕЖ"",56XSO00000002509,2509,GAS_2,242,1,12,0,0,hourly,0
91,25,"ПрАТ "БЕРДЯНСЬКЕ ПІДПРИЄМСТВО ТЕПЛОВИХ МЕРЕЖ"",56XSO00000002510,2510,GAS_2,244,1,12,0,0,hourly,0
92,26,"ПАТ "ЧАСІВОЯРСЬКИЙ ВОГНЕТРИВКИЙ КОМБІНАТ"",56XSO00000002601,2601,GAS_2,9899,3,2,0,0,hourly,0
93,26,"ПАТ "ЧАСІВОЯРСЬКИЙ ВОГНЕТРИВКИЙ КОМБІНАТ"",56XSO00000002602,2602,GAS_2,9899,3,2,1,0,hourly,0
94,29,"ОСББ ЖК КІРОВСЬКИЙ",56XSO00000002901,2901,GAS_2,3249,1,2,0,0,hourly,0
95,30,"ТОВ "Комплекс "Агротех"",56XSO00000003001,3001,GAS_2,9598,3,2,0,0,hourly,0
96,30,"ТОВ "Комплекс "Агротех"",56XSO00000003002,3002,GAS_2,9598,3,2,1,0,hourly,0
97,31,"ПАТ «Роганська картонна фабрика»",56XSO00000003101,3101,GAS_2,8072,1,5,0,0,hourly,0
98,3,"Потребитель 7",56XSO000000000007,00000017,GAS_1,99999,51,1,0,0,hourly,0
99,33,"ТзОВ "Радехівський цукор"",56XSO000000003301,3301,TERNOPILGAS,1647,5,9,0,0,hourly,0
100,32,"Агенція "Фронтмен"",56XSO000000003201,03211,IVANO_FRANKIVSKGAS,6928,1,5,0,0,closedDay,0
101,32,"Агенція "Фронтмен"",56XSO000000003201,03212,GAS_3,4984,1,8,0,0,hourly,0
102,3,"Потребитель 8",56XSO000000000008,00000018,GAS_2,52257,1,24,0,0,hourly,0
103,6,"ТОВ Такий собі споживач",56XZO000000003401,0000003601,KHARKIVGAS,8562,2,2,0,0,hourly,0
104,3,"Потребитель 9",56XSO000000000009,00000019,GAS_2,9169,3,1,0,0,hourly,0
105,3,"Потребитель 9",56XSO000000000009,00000019,GAS_2,9169,3,1,1,0,hourly,0
106,3,"Потребитель 9",56XSO000000000009,00000019,GAS_2,30012,3,4,0,0,hourly,0
107,3,"Потребитель 9",56XSO000000000009,00000019,GAS_2,30012,3,4,1,0,hourly,0
108,3,"Потребитель 9",56XSO000000000009,00000019,GAS_2,9151,3,2,1,0,hourly,0
109,3,"Потребитель 9",56XSO000000000009,00000019,GAS_2,9151,3,2,0,0,hourly,0
110,3,"Потребитель 9",56XSO000000000009,00000019,GAS_2,16469,2,1,0,0,hourly,0
111,3,"Потребитель 9",56XSO000000000009,00000019,GAS_2,73570,1,24,0,0,hourly,0
112,3,"Потребитель 9",56XSO000000000009,00000019,GAS_2,2388,4,1,0,0,hourly,0
113,32,"Агенція "Фронтмен"",56XSO000000003201,000000,GADIACHGAS,24539,1,16,0,0,hourly,0
114,6,"ТОВ Фронтвумен",56XSO000000003202,0000329801,ZHYTOMYRGAS,11,1,7,1,0,hourly,0
115,32,"ТОВ Фронтвумен",56XSO000000003202,0000329801,ZAKARPATGAS,12,1,7,1,0,hourly,0
116,38,"Якийсь споживач якогось користувача",56XSO000000003801,0003810201,MYKOLAIVGAS,2388,4,1,1,0,hourly,0
117,45,"ПАТ "Пирожковая 1"",56XSO000000004501,0004511901,KREMENCHUKGAS,2223,2,3,1,0,hourly,0
118,45,"ПАТ "Пирожковая 1"",56XSO000000004501,0004511902,TERNOPILGAS,1212,3,1,1,0,hourly,0
119,46,"Потребитель клиента",56XSO000000004601,0000181102,IVANO_FRANKIVSKGAS,122,1,8,1,0,hourly,0
120,6,"ТОВ Такий собі споживач",56XZO000000003401,0000348902,DNIPROGAS,2991,4,2,0,0,hourly,0
121,6,"ТОВ Такий собі споживач",56XZO000000003401,0000348903,ZAKARPATGAS,2388,4,1,0,0,hourly,0
122,6,"ТОВ Такий собі споживач",56XZO000000003401,0000348904,ZAKARPATGAS,146,4,1,0,0,hourly,0
123,6,"Проверочный потребитель 1",56XSO000000005001,0005013401,DNIPROGAS,9151,3,2,0,0,hourly,0
124,50,"Проверочный потребитель 1",56XSO000000005001,0005013402,DNIPROGAS,9151,3,2,1,0,hourly,0
125,34,"ТОВ Такий собі споживач",56XSO000000003402,0000349701,KYIVGAS,2274,1,2,0,"Харьков, пер. Электроинструментальный 123, квартира 12",hourly,0
126,50,"Проверочный потребитель 1",56XSO000000005001,0005013403,DNIPROGAS,2274,1,2,0,"Харьков, переулок Электроинструментальный 123, квартира 123-а",hourly,0
127,50,"Проверочный потребитель 1",56XSO000000005001,0005013404,DNIPROGAS,5591,1,5,0,0,hourly,0
128,6,"ТОВ Такий собі споживач",56XSO000000003202,0000329802,ZHYTOMYRGAS,16469,2,1,0,"Харьков, переулок Электроинструментальный 123, квартира 123-а",hourly,0
129,6,"ТОВ Фронтвумен",56XSO000000003202,0000329803,DNIPROGAS,6995,1,5,0,0,hourly,0
130,6,"ПрАТ Иванофранковская крохмалепатоковая фабрика	",56XSO000000003205,0003215701,DNIPROGAS,5591,1,5,0,0,hourly,0
131,50,"Проверочный потребитель 1",56XSO000000005001,0005013405,DNIPROGAS,9151,3,2,0,0,hourly,0
132,3,"Для Паши и его запросов",56XZO000000003132,003132,GAS_1,8062,3,2,0,0,hourly,0
133,3,"Для Паши и его запросов",56XZO000000003133,003133,GAS_1,8062,3,2,1,0,hourly,0
134,3,"Для Паши и его запросов",56XZO000000003133,003134,GAS_1,8201,3,2,0,0,hourly,0
135,3,"Для Паши и его запросов",56XZO000000003133,003135,GAS_1,8201,3,2,1,0,hourly,0
136,59,укргазтех,56XSO000000005901,0005916201,VINNITCAGAS,1551,5,16,0,Львов,hourly,0
137,59,укргазтех,56XSO000000005901,0005916202,DNIPROGAS,51847,5,12,0,Днепр,hourly,0
138,59,vhgcvhjvhg,56XSO000000005902,0005916301,ZAPORIZHGAS,2388,4,1,0,Пятихатки,hourly,0
139,59,qwrfwetewr,56XSO000000005903,0005916401,KYIVGAS,125,9,1,1,Венера,hourly,0
140,64,botDirect,56XSO000000006401,0006416501,DNIPROGAS,456,1,1,0,0,hourly,0
141,34,"ТОВ Такий споживач",56XZO000000003401,0000348905,DNIPROPETROVSKGAS,18023,9,1,0,"м.Кіровоград, вул.Червонозаводська буд.543, блок 3, 7-045",hourly,0
142,34,"ТОВ Такий споживач",56XZO000000003401,0000348906,GADIACHGAS,60240,1,24,0,"г.Харьков, ул.Родниковая 341-д, кв.92",hourly,0
143,68,"floutek ",56XSO000000006801,0006816801,ZHYTOMYRGAS,51550,5,16,0,0,hourly,0
144,68,"floutek ",56XSO000000006801,0006816802,ZHYTOMYRGAS,24539,1,16,0,0,hourly,0
145,68,"floutek ",56XSO000000006801,0006816803,DNIPROGAS,2388,4,1,0,0,hourly,0
146,76,Универсал,56XSO000000007601,0007617001,ZHYTOMYRGAS,7375,3,2,1,0,hourly,0
147,76,Универсал,56XSO000000007601,0007617002,ZHYTOMYRGAS,7375,3,2,0,0,hourly,0
148,68,"floutek ",56XSO000000006801,0006816804,GADIACHGAS,51931,5,12,0,0,hourly,0
149,59,qwrfwetewr,56XSO000000005903,0005916402,ZAPORIZHGAS,4,9,1,7,Марсовая,hourly,0
150,59,qwrfwetewr,56XSO000000005903,0005916403,VOLYNGAS,666,2,2,0,Сатурн,hourly,0
151,79,tandem,56XSO000000007901,0007917301,GADIACHGAS,2388,4,1,0,dfdf,hourly,0
152,80,ГАЗДЕРПРОМИНвест,56XSO000000008001,0008017401,GADIACHGAS,16469,2,1,0,0,hourly,0
153,81,Саша_it,56XSO000000008101,0008117501,KIROVOGRADGAS,8201,3,2,0,"Тракторостроителей 321, 15\65",hourly,0
154,81,Саша_it,56XSO000000008101,0008117502,ZHYTOMYRGAS,2388,4,1,0,0,hourly,0
155,81,Саша_it,56XSO000000008101,0008117503,KREMENCHUKGAS,18023,9,1,0,0,hourly,0
156,81,Саша_it,56XSO000000008101,0008117504,KREMENCHUKGAS,6928,1,5,0,"Мира 18, кв.99",hourly,0
157,81,Саша_it,56XSO000000008101,0008117505,KREMENCHUKGAS,60240,1,24,0,0,hourly,0
158,81,Саша_it,56XSO000000008101,0008117506,KREMENCHUKGAS,2761,5,12,0,0,hourly,0
159,6,Саша_it,56XSO000000008101,0008117507,GADIACHGAS,16469,2,1,0,,hourly,0
160,81,Саша_it,56XSO000000008101,0008117508,KREMENCHUKGAS,8201,3,2,1,"Тракторостроителей 321, 15\65",hourly,0
161,82," Хмельницький національний університет",56XSO000000031508,0008217601,KHMELNYTSCGAS,2690,3,2,0,0,hourly,0
162,82," Хмельницький національний університет",56XSO000000031508,0008217602,KHMELNYTSCGAS,2690,3,2,1,0,hourly,0
163,81,Саша_it,56XSO000000008101,0008117509,KREMENCHUKGAS,587,1,11,0,0,hourly,0
164,81,Саша_it,56XSO000000008101,0008117510,KREMENCHUKGAS,2274,1,2,0,0,hourly,0
165,83,Sasa,56XSO000000008301,0008317701,KREMENCHUKGAS,2274,1,2,0,Харьков,closedDay,0
166,83,Sasa,56XSO000000008301,0008317702,KREMENCHUKGAS,587,1,11,0,0,hourly,0
167,85,Test456,123456778,0008517901,VOLYNGAS,1,1,1,1,,hourly,0
168,84,TEST,123456,0008417801,DNIPROPETROVSKGAS,6928,1,5,0,0,closedDay,0
169,84,TEST,123456,0008417802,DNIPROPETROVSKGAS,8201,3,2,0,0,closedDay,0
170,6,TEST,123456,0008417803,DNIPROPETROVSKGAS,6928,3,2,1,вул,closedDay,0
171,84,TEST,123456,0008417804,DNIPROPETROVSKGAS,8562,2,1,0,0,closedDay,0
172,84,TEST,123456,0008417805,DNIPROPETROVSKGAS,5591,1,5,0,0,closedDay,0
173,84,TEST,123456,0008417806,DNIPROPETROVSKGAS,2388,4,1,0,0,closedDay,0
174,84,TEST,123456,0008417807,DNIPROPETROVSKGAS,2223,2,3,0,0,closedDay,0
175,84,TEST,123456,0008417808,DNIPROPETROVSKGAS,16469,2,1,0,0,hourly,0
176,76,"Тестик доп. пакет",56XSO000000007602,0007618001,VINNITCAGAS,2133,3,2,0,0,hourly,0
177,76,"Тестик доп. пакет",56XSO000000007602,0007618002,VINNITCAGAS,2133,3,2,1,0,hourly,0
178,6,testuserDirect,56XSO000000009101,0009118301,LVIVGAS,8175,1,5,0,0,hourly,0
179,91,testuserDirect,56XSO000000009101,0009118302,DNIPROPETROVSKGAS,6995,1,5,0,0,hourly,0
180,76,Универсал,56XSO000000007601,0007617003,GADIACHGAS,10745,3,1,0,0,hourly,0
181,59,univeraslM,56XSO000000005904,0005918501,ZAKARPATGAS,30452,3,3,0,0,hourly,0
182,59,universalMT,56XSO000000005905,0005918601,DNIPROPETROVSKGAS,30012,3,4,0,0,hourly,0
183,81,Саша_it,56XSO000000008101,0008117511,ZHYTOMYRGAS,1119,1,3,0,0,hourly,0
184,81,Саша_it,56XSO000000008101,0008117512,ZAPORIZHGAS,1228,4,1,0,0,hourly,0
185,81,Саша_it,56XSO000000008101,0008117513,ZHYTOMYRGAS,20022,1,17,0,0,hourly,0
186,81,Саша_it,56XSO000000008101,0008117514,VOLYNGAS,9151,3,2,0,0,hourly,0
187,81,Саша_it,56XSO000000008101,0008117515,POLTAVGAS,8562,2,1,0,0,hourly,0
188,81,Саша_it,56XSO000000008101,0008117516,ZAKARPATGAS,8062,3,2,0,0,hourly,0
189,81,Саша_it,56XSO000000008101,0008117517,VOLYNGAS,7855,1,5,0,0,hourly,0
190,81,Саша_it,56XSO000000008101,0008117518,DNIPROGAS,10745,3,2,0,0,hourly,0
191,81,Саша_it,56XSO000000008101,0008117519,CHERKASYGAS,11845,1,25,0,0,hourly,0
192,81,Саша_it,56XSO000000008101,0008117520,CHERKASYGAS,2133,3,2,0,0,hourly,0
220,100,РГК1,56XSO000000010001,0010022101,VINNITCAGAS,103943,11,1,0,,hourly,1
903,102,TestNull,56XSO000000010201,0010292501,ZHYTOMYRGAS,128733,11,1,0,,hourly,0
904,102,TestNull,56XSO000000010201,0010292502,GADIACHGAS,30000,1,25,0,,hourly,0
905,102,TestNull,56XSO000000010201,0010292503,ZHYTOMYRGAS,8201,3,2,0,,hourly,0
906,102,TestNull,56XSO000000010201,0010292504,GADIACHGAS,50376,5,16,0,,hourly,0
907,102,TestNull,56XSO000000010201,0010292505,VINNITCAGAS,6666,1,1,0,,hourly,0
908,102,TestNull,56XSO000000010201,0010292506,ZAPORIZHGAS,10840,3,1,0,,hourly,0
909,307,Предприятие,56XSO000000030701,0030792601,DNIPROGAS,30012,3,4,0,,hourly,0
910,307,Предприятие,56XSO000000030701,0030792602,ZAKARPATGAS,30352,3,3,0,,hourly,0
2240,6,Test_Add,56XSO000000097621,0097293501,VOLYNGAS,588,1,4,0,,hourly,0
2890,97,"ПIДМ.АГРОМIКС ..................",97XS43217210,0097359201,DNIPROGAS,43217,2,1,0,................................,hourly,0
2891,97,"ДП Укргазтех",97XS574675120,0097359301,DNIPROGAS,57467,5,12,0,"ЖУРНАЛIСТIВ 15",hourly,0
2892,97,16469...........................,0,0097359401,DNIPROGAS,16469,2,1,0,................................,hourly,0
2893,97,"ПАО "БПТС"",0,0097359501,DNIPROGAS,6226,1,5,0,"КОТЕЛЬНАЯ N8",hourly,0
2894,97,"ТОВ-МЕТАЛО ГАЛЬВА УКРАЇНА",0,0097359601,DNIPROGAS,7940,1,5,0,"С. КОРЖI ВУЛ.  ГОСПОДАРСЬКА   2",hourly,0
2895,97,"ЗАО ПАВЛОГРАДХЛЕБ",97XS11281110,0097359701,DNIPROGAS,1128,1,11,0,"ШУТЯ 5А                        _",hourly,0
2896,97,"РОГАНСЬКА КФ                   _",97XS8072150,0097359801,DNIPROGAS,8072,1,5,0,----,hourly,0
2897,97,00941-2.........................,97XS941231,0097359901,DNIPROGAS,941,2,3,1,................................,hourly,0
2898,97,00941-1.........................,97XS941230,0097360001,DNIPROGAS,941,2,3,0,................................,hourly,0
2899,97,"Торгівельний комплекс",97XS11240,0097360101,DNIPROGAS,1,1,24,0,"П’ятихатки ул.Вокзальна д.4",hourly,0
2900,97,"БАЛАКЛЕЯ ХПП",97XS7725150,0097360201,DNIPROGAS,7725,1,5,0,"СУШКА                          _",hourly,0
2901,97,Донецк,97XS18131911,0097360301,DNIPROGAS,18131,9,1,1,Донецк,hourly,0
2902,97,111,97XS1287331110,0097360401,DNIPROGAS,128733,11,1,0,222,hourly,0
2903,97,Харьков,97XS18131910,0097360501,DNIPROGAS,18131,9,1,0,Харьков________________________,hourly,0
2904,97,"ЧАО ЗОФ",97XS6200150,0097360601,DNIPROGAS,6200,1,5,0,"ДРАГОМИРОВКАЯ 10",hourly,0
2905,97,""ПБП ВИМАЛ"" ГОЛОВНИЙ ПIДРОЗДIЛ"",97XS5501110,0097360701,DNIPROGAS,550,1,11,0,ВОГ,hourly,0
2906,97,СШ#13,97XS7444150,0097360801,DNIPROGAS,7444,1,5,0,"УЛ.ЧЕРНОБЫЛЯ 65",hourly,0
2907,97,13,97XS686961240,0097360901,DNIPROGAS,68696,1,24,0,"345 ул.235 д.45",hourly,0
2908,97,"ООО "Краматорский феросплавный",97XS13098910,0097361001,DNIPROGAS,13098,9,1,0,Краматорск,hourly,0
2909,97,"КП ТЕПЛОЗАБЕЗПЕЧЕННЯ           _",97XS208731150,0097361101,DNIPROGAS,20873,1,15,0,"КОРОСТЕНЬ В.Б.ШОСЕ 6           _",hourly,0
2910,97,"ЗБОРIВ ЛIКАРНЯ  ................",97XS9394220,0097361201,DNIPROGAS,9394,2,2,0,................................,hourly,0
2911,97,"ТОВ  "ТЕКССИЛ"  АГНКС",97XS7381110,0097361301,DNIPROGAS,738,1,11,0,АГНКС,hourly,0
2912,97,"ДП Укргазтех",97XS581535120,0097361401,DNIPROGAS,58153,5,12,0,"190 Комб.Придн.",hourly,0
2913,97,2,97XS469371240,0097361501,DNIPROGAS,46937,1,24,0,3,hourly,0
2914,97,"ЗБОРIВ ЦРЛ......................",97XS8562220,0097361601,DNIPROGAS,8562,2,2,0,................................,hourly,0
2915,97,"ПАТ"КИIВСЬКИЙ КПК"             _",97XS5762150,0097361701,DNIPROGAS,5762,1,5,0,DN150,hourly,0
2916,97,"Отіско Валентина Миколаївна",97XS1039431110,0097361801,DNIPROGAS,103943,11,1,0,"м лоз вул Михайла Шапошникова 9",hourly,0
2917,97,"ПРАТ"КРЕМЕНЧУКМЯСО"            _",97XS8431150,0097361901,DNIPROGAS,8431,1,5,0,"ЗИМОВА                         _",hourly,0
2918,97,ПАТ-МОТОРСИЧ,97XS8262150,0097362001,DNIPROGAS,8262,1,5,0,КАНЦЕРОВКА,hourly,0
2919,97,"ООО ДНЕПРОПРЕСС СТАЛЬ",97XS213581150,0097362101,DNIPROGAS,21358,1,15,0,"ПР. БОГДАНА ХМЕЛЬНИЦКОГО 139",hourly,0
2920,97,Зоря,97XS744161240,0097362201,DNIPROGAS,74416,1,24,0,"ул.Вокзальна д.11 кв. 16",hourly,0
2921,97,"ООО ОК ПРИБОЙ                  _",97XS6928150,0097362301,DNIPROGAS,6928,1,5,0,"КОММЕРЧЕСКИЙ УЗЕЛ УЧЕТА ГАЗА   _",hourly,0
2922,97,"ТОВ ВIДI АВТОСТРАДА",97XS2087120,0097362401,DNIPROGAS,2087,1,2,0,,hourly,0
2923,97,АМПУ,97XS245391160,0097362501,DNIPROGAS,24539,1,16,0,"ИЗМАИЛ АМПУ                    _",hourly,0
2924,97,1,97XS1050061110,0097362601,DNIPROGAS,105006,11,1,0,2,hourly,0
2925,97,""ПАО БЕРДЯНСКОЕ ПТС"""""",97XS6347150,0097362701,DNIPROGAS,6347,1,5,0,"КОТЕЛЬНАЯ N13",hourly,0
2926,97,Проба_10_ЛОРПАВЫФ,97XS231110,0097362801,DNIPROGAS,23,1,11,0,Проба_11_ЛОРПАВЫФ,hourly,0
2927,97,"ПАТ"МЕНА ПАК"",97XS5407150,0097362901,DNIPROGAS,5407,1,5,0,КОТЕЛЬНЯ,hourly,0
2928,97,"ПАТ "Укртелеком№ ЦЕЗ %",97XS621661240,0097363001,DNIPROGAS,62166,1,24,0,"Кременець ул.Шевченка д.60",hourly,0
2929,97,---,97XS285601240,0097363101,DNIPROGAS,28560,1,24,0,55555555555555555555,hourly,0
2930,97,"ЧАО "УКРГРАФИТ"",97XS6178150,0097363201,DNIPROGAS,6178,1,5,0,"ТРУБОПРОВОД ГРП",hourly,0
2931,97,ГОРОДНЯ.НЕЗАЛ.58................,97XS17612210,0097363301,DNIPROGAS,17612,2,1,0,................................,hourly,0
2932,97,"НовоселківськаЗОШ Підгаєцький",97XS4588150,0097363401,DNIPROGAS,4588,1,5,0,котельн,hourly,0
2933,97,RT,97XS1706151110,0097363501,DNIPROGAS,170615,11,1,0,"Героїв Харкова",hourly,0
2934,97,"ЧАО-БПТС                       _",97XS2421120,0097363601,DNIPROGAS,242,1,12,0,"КОТЕЛЬНАЯ 15                   _",hourly,0
2935,97,Проба,97XS748891240,0097363701,DNIPROGAS,74889,1,24,0,Москва,hourly,0
2936,97,"ТзОВ "Бучачагрохлібпром" (суперм",97XS602401240,0097363801,DNIPROGAS,60240,1,24,0,"Бучач ул.Галицька д.16",hourly,0
2937,97,"КП"ТЕПЛОЕНЕРГЕТИК"",97XS9981110,0097363901,DNIPROGAS,998,1,11,0,"МОГИЛЕВ-ПОДОЛЪСКИЙ ПОЛТАВСКАЯ 23",hourly,0
2938,97,П`ятихатки,97XS281911240,0097364001,DNIPROGAS,28191,1,24,0,"ул.Київська д.  110 кв.",hourly,0
2939,97,Зоря,97XS704521240,0097364101,DNIPROGAS,70452,1,24,0,"ул.Вокзальна д.11 кв. 16",hourly,0
2940,97,"ОК"БУДИНОК 27 Д"",97XS6784150,0097364201,DNIPROGAS,6784,1,5,0,"ПР.КИРОВА,-27Д",hourly,0
2941,97,"ПАО "БЕРДЯНСКОЕ ПТС"",97XS6333150,0097364301,DNIPROGAS,6333,1,5,0,"КОТЕЛЬНАЯ N22",hourly,0
2942,97,"СТОВ БАТЬКIВЩИНА               _",97XS3614120,0097364401,DNIPROGAS,3614,1,2,0,"ВУЗОЛ ОБЛIКУ                   _",hourly,0
2943,97,"ПРАТ КОМБИНАТ ПРИДНЕПРОВСКИЙ",97XS12651110,0097364501,DNIPROGAS,1265,1,11,0,,hourly,0
2944,97,"ТКЕ КОНОВАЛ 132Л................",97XS658231,0097364601,DNIPROGAS,658,2,3,1,................................,hourly,0
2945,97,"ДП Укргазтех",97XS502905120,0097364701,DNIPROGAS,50290,5,12,0,"БЕРЕЗIНСЬКА 64А",hourly,0
2946,97,"ТКЕ КОНОВАЛ 132.................",97XS658230,0097364801,DNIPROGAS,658,2,3,0,................................,hourly,0
2947,97,"ДПЗАКУПНЯНСКИЙ КАРЭР",97XS7821150,0097364901,DNIPROGAS,7821,1,5,0,ЦВБ-,hourly,0
2948,97,"КОРОПЕЦЬКИЙ ЛIЦЕЙ-IНТЕРНАТ     _",97XS2906120,0097365001,DNIPROGAS,2906,1,2,0,1---,hourly,0
2949,97,"ТОВ"АМТТ"",97XS7817150,0097365101,DNIPROGAS,7817,1,5,0,"С.КРЮКОВЩИНА,ВУЛ.БАЛУКОВА 1",hourly,0
2950,97,""ПАТКИIВСЬКИЙ КПК""",97XS6496150,0097365201,DNIPROGAS,6496,1,5,0,"DN 250",hourly,0
2951,97,"Нібулон м. Градіжск",97XS4149150,0097365301,DNIPROGAS,4149,1,5,0,0504933640,hourly,0
2952,97,"ПАО "БПТС"",97XS6228150,0097365401,DNIPROGAS,6228,1,5,0,"КОТЕЛЬНАЯ N7",hourly,0
2953,97,0,97XS7777771240,0097365501,DNIPROGAS,777777,1,24,0,0,hourly,0
2954,97,"ОСМД БЕСТУЖЕВСКИЕ САДЫ         _",97XS10851110,0097365601,DNIPROGAS,1085,1,11,0,----,hourly,0
2955,97,"КП-ХТС  ХОЛОДНОГОРСКИЙ Ф-Л",97XS550120,0097365701,DNIPROGAS,550,1,2,0,"МУРАТОВА,7",hourly,0
2956,97,"ПАТ"МЕНА ПАК"",97XS2742120,0097365801,DNIPROGAS,2742,1,2,0,ТЕПЛОГЕНЕРАТОР,hourly,0
2957,97,"ПРАТ"АТП-17461"                _",97XS5691150,0097365901,DNIPROGAS,5691,1,5,0,"АГНКС                          _",hourly,0
2958,97,"ООО"МСЗ"",97XS6995150,0097366001,DNIPROGAS,6995,1,5,0,"ЛИНИЯ 1",hourly,0
2959,97,"ЧАО "КЗТП"",97XS18023910,0097366101,DNIPROGAS,18023,9,1,0,"М.Петренка 77 Краматорск",hourly,0
2960,97,Проба_ПРОБА_ЯЦХЭ,97XS21240,0097366201,DNIPROGAS,2,1,24,0,"П’ятихатки ул.Вокзальна д.4",hourly,0
2961,97,"МКП ЕНЕРГОРЕСУРС               _",97XS7531110,0097366301,DNIPROGAS,753,1,11,0,"ВУЛ.КИЕВСКАЯ 14                _",hourly,0
2962,97,"Вашківецький хлібокомбінат",97XS121140,0097366401,DNIPROGAS,121,1,4,0,Котельня,hourly,0
2963,97,"гот.Екстрім Кошун Тамара",97XS1062371110,0097366501,DNIPROGAS,106237,11,1,0,"Жденієво в.Шевченка 257",hourly,0
2964,97,"АГРО МIКС       ................",97XS29018210,0097366601,DNIPROGAS,29018,2,1,0,................................,hourly,0
2965,97,"ПАО "БПТС"",97XS6227150,0097366701,DNIPROGAS,6227,1,5,0,"КОТЕЛЬНАЯ N5-21",hourly,0
2966,97,"КОТЕЛЬНЯ КП"ОЗЕРНЕ"",97XS14441110,0097366801,DNIPROGAS,1444,1,11,0,"СМТ.ОЗЕРНЕ ВУЛ.АВIЦIЙНА,69     _",hourly,0
2967,97,"ТОВ РОСТРА",97XS15001110,0097366901,DNIPROGAS,1500,1,11,0,ТОПОЧНА,hourly,0
2968,97,"ТОВ"ВIДI АВТОСIТI КIЛЬЦЕВА"    _",97XS3414120,0097367001,DNIPROGAS,3414,1,2,0,"СОФ.БОРЩ.ВУЛ.В.КIЛЬЦЕВА 58     _",hourly,0
2969,97,ПАТ-ГАЛИЧФАРМ,97XS4984180,0097367101,DNIPROGAS,4984,1,8,0,----,hourly,0
2970,97,"Булах В.Г.",97XS1623611110,0097367201,DNIPROGAS,162361,11,1,0,"Дніпро. С.Бандери, б.20, кв.7",hourly,0
2971,97,"ЧАО ЗОФ",97XS5074150,0097367301,DNIPROGAS,5074,1,5,0,"ДРАГОМИРОВСКАЯ,10",hourly,0
2972,97,111,97XS1378871110,0097367401,DNIPROGAS,137887,11,1,0,222,hourly,0
2973,97,"АТ "ОТКЕ"",97XS744931240,0097367501,DNIPROGAS,74493,1,24,0,"м. Чернігів ул.Молодшого д.35а",hourly,0
2974,97,"     КОМАРНО     САДОЧОК КАЗОЧКА",97XS588140,0097367601,DNIPROGAS,588,1,4,0,"КОМАРНО,СИЧ.СТР.29",hourly,0
2975,97,"Бережанська ГНКС",97XS5256150,0097367701,DNIPROGAS,5256,1,5,0,ГРП-1,hourly,0
2976,97,"ТОВ КВIТЕНЬ                    _",97XS6519150,0097367801,DNIPROGAS,6519,1,5,0,"УЛ.ВОЙЦЕХОВИЧА 67              _",hourly,0
2977,97,"ЗБОРIВ ЦРЛ ПIДМI................",97XS29519210,0097367901,DNIPROGAS,29519,2,1,0,................................,hourly,0
2978,97,"ПАО "БЕРДЯНСКОЕ ПТС"",97XS6332150,0097368001,DNIPROGAS,6332,1,5,0,"КОТЕЛЬНАЯ N6                   _",hourly,0
2979,97,"     НИКОПОЛЬ    ЗОШ 16        _",97XS7030150,0097368101,DNIPROGAS,7030,1,5,0,"УЛ. ДОВГОЛЕВСКАЯ 279",hourly,0
2980,97,"ТОВ-МЕТАЛО ГАЛЬВА УКРАЇНА",97XS7724150,0097368201,DNIPROGAS,7724,1,5,0,"С. КОРЖI ВУЛ.   ГОСПОДАРСЬКА  2",hourly,0
2981,97,"ТОВ "ЕПIЦЕНТР К"",97XS8555160,0097368301,DNIPROGAS,8555,1,6,0,ЕПIЦЕНТР,hourly,0
2982,97,"ОРГАНIК МIЛК",97XS14901110,0097368401,DNIPROGAS,1490,1,11,0,"ЗВЯГЕЛЬСЬКА 139",hourly,0
2983,97,"ДЧБЛ-3 ГЕТЕНЯ                  _",97XS2274120,0097368501,DNIPROGAS,2274,1,2,0,ГРС-ГЕТЕНЯ,hourly,0
2984,97,"ФОП Строков А. І. Офіс",97XS564141240,0097368601,DNIPROGAS,56414,1,24,0,"Покровськ ул.Маршала Москаленко",hourly,0
2985,97,"Луцюк А.С.",97XS1614061110,0097368701,DNIPROGAS,161406,11,1,0,"Дніпро. Г. Мазуренко, 95, кв.2",hourly,0
2986,97,"ГОРОДНЯНСЬКИЙ КОМБIКОРМОВИЙ ЗАВ_",97XS200221170,0097368801,DNIPROGAS,20022,1,17,0,,hourly,0
2987,97,"ПАО"БПТС"                      _",97XS2431120,0097368901,DNIPROGAS,243,1,12,0,"КОТЕЛЬНАЯ #14                  _",hourly,0
2988,97,ПАТ-СБК,97XS5591150,0097369001,DNIPROGAS,5591,1,5,0,----,hourly,0
2989,97,"ОСМД ДАРНИЦКАЯ",97XS5237150,0097369101,DNIPROGAS,5237,1,5,0,----,hourly,0
2990,97,"Торгівельний комплекс",97XS666371240,0097369201,DNIPROGAS,66637,1,24,0,"П’ятихатки ул.Вокзальна д.4",hourly,0
2991,97,"КП "АНДРЕЕВСКАЯ ТЕПЛОСЕТЬ"",97XS6927150,0097369301,DNIPROGAS,6927,1,5,0,"КОТЕЛЬНАЯ                      _",hourly,0
2992,97,КП-ХТС,97XS155120,0097369401,DNIPROGAS,155,1,2,0,"СЕВЕРНАЯ 1",hourly,0
2993,97,"КП "НОВОТРОИЦКИЙ СЕЛЬКОММУНХОЗ"_",97XS6790150,0097369501,DNIPROGAS,6790,1,5,0,"КОТЕЛЬНАЯ                      _",hourly,0
2994,97,"Адмінбудівля ЦМК",97XS635541240,0097369601,DNIPROGAS,63554,1,24,0,"Павлоград ул.Терёшкина д.9 кор2",hourly,0
2995,97,"ГАГАРИНСКИЙ 2010",97XS7303150,0097369701,DNIPROGAS,7303,1,5,0,,hourly,0
2996,97,"ПТМ"КОВЕЛЬТЕПЛО"ВУЛ.ВАТУТIНА 48",97XS3518140,0097369801,DNIPROGAS,3518,1,4,0,1---,hourly,0
2997,97,"Орехова С.Є.",97XS1452571110,0097369901,DNIPROGAS,145257,11,1,0,"Дніпро. Ковельська, 82",hourly,0
2998,97,"ПРАТ"АВТОКРАЗ"",97XS8148150,0097370001,DNIPROGAS,8148,1,5,0,КРЕМЕНЧУГ,hourly,0
2999,97,"ТЗОВ ГАЛКА ЛТД",97XS7882150,0097370101,DNIPROGAS,7882,1,5,0,"ЛЬВIВ ВУЛ. ЗАПОВIТНА 1",hourly,0
3000,97,ПАТ-ЕЛЕКТРОТЕРМОМЕТРIЯ,97XS6932150,0097370201,DNIPROGAS,6932,1,5,0,----,hourly,0
3001,97,"ОСМД БЕСТУЖЕВСКИЕ САДЫ         _",97XS11101110,0097370301,DNIPROGAS,1110,1,11,0,----,hourly,0
3002,97,""ОООМСЗ""",97XS7855150,0097370401,DNIPROGAS,7855,1,5,0,"ЛИНИЯ-1                        _",hourly,0
3003,97,"ЗОШ І-ІІІ ст. №1 м. Кременець лі",97XS711511240,0097370501,DNIPROGAS,71151,1,24,0,"Кременець ул.Ліцейна д.1",hourly,0
3004,97,"ЧЕРВОНОПОЛЬСКИЙ КОММУНОЗ",97XS1613140,0097370601,DNIPROGAS,1613,1,4,0,"ЧЕРВОНОПОЛЬСКАЯ КОТЕЛЬНАЯ",hourly,0
3005,97,"ТОВ"АМТТ"",97XS7056150,0097370701,DNIPROGAS,7056,1,5,0,"С.КРЮКIBЩИHА,ВУЛ.БАЛУКОВА 1    _",hourly,0
3006,97,"ТОВ"ОНУР КОНСТРУКЦИОН" М.ВИШНЕВ_",97XS6238150,0097370801,DNIPROGAS,6238,1,5,0," ГРС 1А",hourly,0
3007,97,"ПАТ"КИIВСЬКИЙ КПК"",97XS5761150,0097370901,DNIPROGAS,5761,1,5,0,DN250,hourly,0
3008,97,ЗАПОРОЖСТЕКЛОФЛЮС,97XS8375150,0097371001,DNIPROGAS,8375,1,5,0,----,hourly,0
3009,97,"БЕРЕЗНIВСЬКЕ ПТАХОПIДПРИЕМСТВО К",97XS2766120,0097371101,DNIPROGAS,2766,1,2,0,----,hourly,0
3010,97,"ТОВ"МАЛОДIВИЦЬКЕ ХПП"          _",97XS5714150,0097371201,DNIPROGAS,5714,1,5,0,"СУШАРКИ BUHLER, 2ОД.",hourly,0
3011,97,"ТЗОВ"ЯРИЧIВ"ДЖМС................",97XS29048210,0097371301,DNIPROGAS,29048,2,1,0,................................,hourly,0
3012,97,09183...........................,97XS9183220,0097371401,DNIPROGAS,9183,2,2,0,................................,hourly,0
3013,97,"ПАО"БПТС"                      _",97XS2441120,0097371501,DNIPROGAS,244,1,12,0,"КОТЕЛЬНАЯ #16                  _",hourly,0
3014,97,"СТОВ БАТЬКIВЩИНА               _",97XS2761120,0097371601,DNIPROGAS,2761,1,2,0,"ВОГ СУШАРКИ",hourly,0
3015,97,"ВIННИЦЬКИЙ КОЛЕДЖ НУХТ",97XS215271150,0097371701,DNIPROGAS,21527,1,15,0,"ПРИВОКЗАЛЪНА 38",hourly,0
3016,97,"Торгівельний комплекс",97XS200351230,0097371801,DNIPROGAS,20035,1,23,0,"П’ятихатки ул.Вокзальна д.4",hourly,0
3017,97,Новиков,97XS200081240,0097371901,DNIPROGAS,20008,1,24,0,22222222222222222,hourly,0
3018,97,""ПАО БЕРДЯНСКОЕ ПТС"""""",97XS6471150,0097372001,DNIPROGAS,6471,1,5,0,"КОТЕЛЬНАЯ N3",hourly,0
3019,97,Amazon,97XS281501240,0097372101,DNIPROGAS,28150,1,24,0,"new tech",hourly,0
3020,97,"ОСМД "ЦЕЛИНОГРАДСКАЯ"          _",97XS8711110,0097372201,DNIPROGAS,871,1,11,0,----,hourly,0
3021,97,ЦЕНТР.БЕРЕЖ.Л-НЯ................,97XS2223230,0097372301,DNIPROGAS,2223,2,3,0,................................,hourly,0
3022,97,БЗ2,97XS1458221110,0097372401,DNIPROGAS,145822,11,1,0,222,hourly,0
3023,97,"БАРСКИЙ ГПК",97XS2601120,0097372501,DNIPROGAS,260,1,12,0,"ОБЩЕЖИТИЕ N2",hourly,0
3024,97,"ПОЛИКЛИНИКА АВТОКРАЗ           _",97XS5984150,0097372601,DNIPROGAS,5984,1,5,0,----,hourly,0
3025,97,"ФОП Карабак Л.Х.",97XS522571240,0097372701,DNIPROGAS,52257,1,24,0,"м.Дніпро ул.Г.Корольової д.7а",hourly,0
3026,97,"БАЛАКЛЕЯ ХПП                   _",97XS7726150,0097372801,DNIPROGAS,7726,1,5,0,"ОТОПЛЕНИЕ                      _",hourly,0
3027,97,"ПрАТ "БОБРОВИЦЬКЕ ХПП"",97XS3519120,0097372901,DNIPROGAS,3519,1,2,0,"СУШКИ GSI, SUKUP",hourly,0
3028,97,КРИГЕР,97XS2327120,0097373001,DNIPROGAS,2327,1,2,0,----,hourly,0
3029,97,""ПАТ КИIВСЬКИЙ КПК""",97XS6205150,0097373101,DNIPROGAS,6205,1,5,0,DN150,hourly,0
3030,97,СБУ,97XS4963180,0097373201,DNIPROGAS,4963,1,8,0,"УЛ.ГАЛИНЫ РОМАНОВОЙ 1",hourly,0
3031,97,"ООО-САЛТОВСКИЙ МЯСОКОМБИНАТ",97XS1119130,0097373301,DNIPROGAS,1119,1,3,0,"УЛ.КРАСНОДАРСКАЯ 171Б",hourly,0
3032,97,"ОСББ "КАСКАД-2"                _",97XS2880120,0097373401,DNIPROGAS,2880,1,2,0,"УЛ.ХЕРСОНСКАЯ,9Б               _",hourly,0
3033,97,"МАРIЯ                          _",97XS7673150,0097373501,DNIPROGAS,7673,1,5,0,----,hourly,0
3034,97,"ПАТ "Укртелеком" ЦЕЗ №5",97XS620861240,0097373601,DNIPROGAS,62086,1,24,0,"Кременець ул.Шевченка д.60",hourly,0
3035,97,"ПРАО ТЕРМОЛАЙФ",97XS7668150,0097373701,DNIPROGAS,7668,1,5,0,"КАРАЧЕВСКОЕ ШОССЕ 44           _",hourly,0
3036,97,"ПАТ-ТЕРЕМНО ХЛIБ               _",97XS7625150,0097373801,DNIPROGAS,7625,1,5,0,ГРП-,hourly,0
3037,97,"Білозірська ЗОШ І-ІІІ ст.",97XS735701240,0097373901,DNIPROGAS,73570,1,24,0,"Білозірка ул. д.",hourly,0
3038,97,а_ПРОБА,97XS11111180,0097374001,DNIPROGAS,11111,1,8,0,a_PROBA,hourly,0
3039,97,"ПБП ВИМАЛ",97XS1402120,0097374101,DNIPROGAS,1402,1,2,0,КОТЕЛЬНЯ,hourly,0
3040,97,СТАРПЛАСТ,97XS5871110,0097374201,DNIPROGAS,587,1,11,0,,hourly,0
3041,97,"ПАТ-ТЕРЕМНО ХЛТБ               _",97XS7623150,0097374301,DNIPROGAS,7623,1,5,0,"КОТЕЛЬНЯ                       _",hourly,0
3042,97,----,97XS1951120,0097374401,DNIPROGAS,195,1,12,0,,hourly,0
3043,97,ХПП-БЕРЕГОВО,97XS14191110,0097374501,DNIPROGAS,1419,1,11,0,----,hourly,0
3044,97,"БФ Патриот",97XS18047910,0097374601,DNIPROGAS,18047,9,1,0,"с.Урзуф ул.Горького 40",hourly,0
3045,97,TEST,97XS1180,0097374701,DNIPROGAS,1,1,8,0,,hourly,0
3046,97,TEST,97XS19233210,0097374801,DNIPROGAS,19233,2,1,0," ",hourly,0
3047,97,TEST,97XS3776310,0097374901,DNIPROGAS,3776,3,1,0," ",hourly,0
3048,97,TEST,97XS11691110,0097375001,DNIPROGAS,1169,1,11,0," ",hourly,0
3049,97,TEST,97XS2690321,0097375101,DNIPROGAS,2690,3,2,1," ",hourly,0
3050,97,TEST,97XS2690320,0097375201,DNIPROGAS,2690,3,2,0," ",hourly,0
3051,97,TEST,97XS515505120,0097375301,DNIPROGAS,51550,5,12,0," ",hourly,0
3052,97,TEST,97XS7503150,0097375401,DNIPROGAS,7503,1,5,0," ",hourly,0
3053,97,TEST,97XS8288321,0097375501,DNIPROGAS,8288,3,2,1," ",hourly,0
3054,97,TEST,97XS8288320,0097375601,DNIPROGAS,8288,3,2,0," ",hourly,0
3055,97,TEST,97XS2801120,0097375701,DNIPROGAS,2801,1,2,0," ",hourly,0
3056,97,TEST,97XS7682320,0097375801,DNIPROGAS,7682,3,2,0," ",hourly,0
3057,97,TEST,97XS3133410,0097375901,DNIPROGAS,3133,4,1,0," ",hourly,0
3058,97,TEST,97XS2736120,0097376001,DNIPROGAS,2736,1,2,0," ",hourly,0
3059,97,TEST,97XS7258320,0097376101,DNIPROGAS,7258,3,2,0," ",hourly,0
3060,97,TEST,97XS1647590,0097376201,DNIPROGAS,1647,5,9,0," ",hourly,0
3061,97,TEST,97XS7258321,0097376301,DNIPROGAS,7258,3,2,1," ",hourly,0
3062,97,TEST,97XS4407150,0097376401,DNIPROGAS,4407,1,5,0," ",hourly,0
3063,97,TEST,97XS7229150,0097376501,DNIPROGAS,7229,1,5,0," ",hourly,0
3064,97,TEST,97XS2017410,0097376601,DNIPROGAS,2017,4,1,0,,hourly,0
3065,97,TEST,97XS5391110,0097376701,DNIPROGAS,539,1,11,0," ",hourly,0
3066,97,TEST,97XS7269150,0097376801,DNIPROGAS,7269,1,5,0," ",hourly,0
3067,97,TEST,97XS15525160,0097376901,DNIPROGAS,1552,5,16,0,Test1,hourly,0
3068,97,TEST,97XS430861240,0097377001,DNIPROGAS,43086,1,24,0,,hourly,0
3069,97,TEST,97XS212501150,0097377101,DNIPROGAS,21250,1,15,0,,hourly,0
3070,97,TEST,97XS6156320,0097377201,DNIPROGAS,6156,3,2,0," ",hourly,0
3071,97,TEST,97XS7298320,0097377301,DNIPROGAS,7298,3,2,0," ",hourly,0
3072,97,TEST,97XS1272120,0097377401,DNIPROGAS,1272,1,2,0," ",hourly,0
3073,97,TEST,97XS6408150,0097377501,DNIPROGAS,6408,1,5,0," ",hourly,0
3074,97,TEST,97XS4972180,0097377601,DNIPROGAS,4972,1,8,0," ",hourly,0
3075,97,TEST,97XS10251110,0097377701,DNIPROGAS,1025,1,11,0," ",hourly,0
3076,97,TEST,97XS5631110,0097377801,DNIPROGAS,5631,1,1,0,,hourly,0
3077,97,TEST,97XS6902150,0097377901,DNIPROGAS,6902,1,5,0," ",hourly,0
3078,97,TEST,97XS7778320,0097378001,DNIPROGAS,7778,3,2,0," ",hourly,0
3079,97,TEST,97XS4885110,0097378101,DNIPROGAS,488,51,1,0,"ВK-011 No---",hourly,0
3080,97,TEST,97XS8219150,0097378201,DNIPROGAS,8219,1,5,0," ",hourly,0
3081,97,TEST,97XS3631120,0097378301,DNIPROGAS,363,1,12,0," ",hourly,0
3082,97,TEST,97XS7248220,0097378401,DNIPROGAS,7248,2,2,0," ",hourly,0
3083,97,TEST,97XS733641240,0097378501,DNIPROGAS,73364,1,24,0,,hourly,0
3084,97,TEST,97XS7778321,0097378601,DNIPROGAS,7778,3,2,1," ",hourly,0
3085,97,TEST,97XS1332710,0097378701,DNIPROGAS,1332,7,1,0," ",hourly,0
3086,97,TEST,97XS7860910,0097378801,DNIPROGAS,7860,9,1,0," ",hourly,0
3087,97,TEST,97XS684001240,0097378901,DNIPROGAS,68400,1,24,0,,hourly,0
3088,97,TEST,97XS8685220,0097379001,DNIPROGAS,8685,2,2,0," ",hourly,0
3089,97,TEST,97XS932911010,0097379101,DNIPROGAS,9329,1,101,0," ",hourly,0
3090,97,TEST,97XS29877210,0097379201,DNIPROGAS,29877,2,1,0," ",hourly,0
3091,97,TEST,97XS503775160,0097379301,DNIPROGAS,50377,5,16,0,"Скрипаї ЗОШ",hourly,0
3092,97,TEST,97XS2720320,0097379401,DNIPROGAS,2720,3,2,0," ",hourly,0
3093,97,TEST,97XS1711320,0097379501,DNIPROGAS,1711,3,2,0," ",hourly,0
3094,97,TEST,97XS111111240,0097379601,DNIPROGAS,11111,1,24,0,,hourly,0
3095,97,TEST,97XS10731110,0097379701,DNIPROGAS,1073,1,11,0," ",hourly,0
3096,97,TEST,97XS2361120,0097379801,DNIPROGAS,2361,1,2,0," ",hourly,0
3097,97,TEST,97XS7151110,0097379901,DNIPROGAS,715,1,11,0," ",hourly,0
3098,97,TEST,97XS10841110,0097380001,DNIPROGAS,1084,1,11,0," ",hourly,0
3099,97,TEST,97XS1381410,0097380101,DNIPROGAS,1381,4,1,0," ",hourly,0
3100,97,TEST,97XS4915110,0097380201,DNIPROGAS,491,51,1,0,"ВK-011 No1-",hourly,0
3101,97,TEST,97XS18125910,0097380301,DNIPROGAS,18125,9,1,0," ",hourly,0
3102,97,TEST,97XS4251110,0097380401,DNIPROGAS,425,1,11,0," ",hourly,0
3103,97,TEST,97XS39005210,0097380501,DNIPROGAS,39005,2,1,0," ",hourly,0
3104,97,TEST,97XS1850410,0097380601,DNIPROGAS,1850,4,1,0,,hourly,0
3105,97,TEST,97XS959456223220,0097380701,DNIPROGAS,959456223,2,2,0," ",hourly,0
3106,97,TEST,97XS9308220,0097380801,DNIPROGAS,9308,2,2,0," ",hourly,0
3107,97,TEST,97XS1931410,0097380901,DNIPROGAS,1931,4,1,0," ",hourly,0
3108,97,TEST,97XS3931120,0097381001,DNIPROGAS,393,1,12,0," ",hourly,0
3109,97,TEST,97XS8037150,0097381101,DNIPROGAS,8037,1,5,0," ",hourly,0
3110,97,TEST,97XS6272150,0097381201,DNIPROGAS,6272,1,5,0," ",hourly,0
3111,97,TEST,97XS28521210,0097381301,DNIPROGAS,28521,2,1,0," ",hourly,0
3112,97,TEST,97XS5020150,0097381401,DNIPROGAS,5020,1,5,0," ",hourly,0
3113,97,TEST,97XS5561150,0097381501,DNIPROGAS,5561,1,5,0," ",hourly,0
3114,97,TEST,97XS9899321,0097381601,DNIPROGAS,9899,3,2,1," ",hourly,0
3115,97,TEST,97XS27176210,0097381701,DNIPROGAS,27176,2,1,0," ",hourly,0
3116,97,TEST,97XS9899320,0097381801,DNIPROGAS,9899,3,2,0," ",hourly,0
3117,97,TEST,97XS7966320,0097381901,DNIPROGAS,7966,3,2,0," ",hourly,0
3118,97,TEST,97XS611410,0097382001,DNIPROGAS,611,4,1,0,,hourly,0
3119,97,TEST,97XS5338150,0097382101,DNIPROGAS,5338,1,5,0," ",hourly,0
3120,97,TEST,97XS2133320,0097382201,DNIPROGAS,2133,3,2,0," ",hourly,0
3121,97,TEST,97XS3355320,0097382301,DNIPROGAS,3355,3,2,0," ",hourly,0
3122,97,TEST,97XS27179210,0097382401,DNIPROGAS,27179,2,1,0," ",hourly,0
3123,97,TEST,97XS29796210,0097382501,DNIPROGAS,29796,2,1,0," ",hourly,0
3124,97,TEST,97XS2133321,0097382601,DNIPROGAS,2133,3,2,1," ",hourly,0
3125,97,TEST,97XS7269321,0097382701,DNIPROGAS,7269,3,2,1," ",hourly,0
3126,97,TEST,97XS5121110,0097382801,DNIPROGAS,512,1,11,0," ",hourly,0
3127,97,TEST,97XS7269320,0097382901,DNIPROGAS,7269,3,2,0," ",hourly,0
3128,97,TEST,97XS1469140,0097383001,DNIPROGAS,1469,1,4,0," ",hourly,0
3129,97,TEST,97XS26095210,0097383101,DNIPROGAS,26095,2,1,0," ",hourly,0
3130,97,TEST,97XS8364150,0097383201,DNIPROGAS,8364,1,5,0," ",hourly,0
3131,97,TEST,97XS2514140,0097383301,DNIPROGAS,2514,1,4,0," ",hourly,0
3132,97,TEST,97XS5652150,0097383401,DNIPROGAS,5652,1,5,0," ",hourly,0
3133,97,TEST,97XS6931150,0097383501,DNIPROGAS,6931,1,5,0," ",hourly,0
3134,97,TEST,97XS562985160,0097383601,DNIPROGAS,56298,5,16,0," ",hourly,0
3135,97,TEST,97XS15120,0097383701,DNIPROGAS,1,5,12,0,ѓ®а®¤,hourly,0
3136,97,TEST,97XS1391120,0097383801,DNIPROGAS,139,1,12,0," ",hourly,0
3137,97,TEST,97XS4855150,0097383901,DNIPROGAS,4855,1,5,0," ",hourly,0
3138,97,TEST,97XS3624120,0097384001,DNIPROGAS,3624,1,2,0," ",hourly,0
3139,97,TEST,97XS55555110,0097384101,DNIPROGAS,55555,1,1,0,,hourly,0
3140,97,TEST,97XS27190210,0097384201,DNIPROGAS,27190,2,1,0," ",hourly,0
3141,97,TEST,97XS9198220,0097384301,DNIPROGAS,9198,2,2,0," ",hourly,0
3142,97,TEST,97XS555551160,0097384401,DNIPROGAS,55555,1,16,0,,hourly,0
3143,97,TEST,97XS8203150,0097384501,DNIPROGAS,8203,1,5,0," ",hourly,0
3144,97,TEST,97XS1435120,0097384601,DNIPROGAS,1435,1,2,0," ",hourly,0
3145,97,TEST,97XS30452330,0097384701,DNIPROGAS,30452,3,3,0," ",hourly,0
3146,97,TEST,97XS230601160,0097384801,DNIPROGAS,23060,1,16,0,,hourly,0
3147,97,TEST,97XS686131240,0097384901,DNIPROGAS,68613,1,24,0,,hourly,0
3148,97,TEST,97XS3328410,0097385001,DNIPROGAS,3328,4,1,0,,hourly,0
3149,97,TEST,97XS43330210,0097385101,DNIPROGAS,43330,2,1,0," ",hourly,0
3150,97,TEST,97XS6349150,0097385201,DNIPROGAS,6349,1,5,0," ",hourly,0
3151,97,TEST,97XS4176180,0097385301,DNIPROGAS,4176,1,8,0," ",hourly,0
3152,97,TEST,97XS7489150,0097385401,DNIPROGAS,7489,1,5,0," ",hourly,0
3153,97,TEST,97XS4645410,0097385501,DNIPROGAS,4645,4,1,0," ",hourly,0
3154,97,TEST,97XS43110210,0097385601,DNIPROGAS,43110,2,1,0," ",hourly,0
3155,97,TEST,97XS1173140,0097385701,DNIPROGAS,1173,1,4,0," ",hourly,0
3156,97,TEST,97XS6186150,0097385801,DNIPROGAS,6186,1,5,0," ",hourly,0
3157,97,TEST,97XS10844310,0097385901,DNIPROGAS,10844,3,1,0," ",hourly,0
3158,97,TEST,97XS1228410,0097386001,DNIPROGAS,1228,4,1,0,,hourly,0
3159,97,TEST,97XS8031110,0097386101,DNIPROGAS,803,1,11,0," ",hourly,0
3160,97,TEST,97XS26476210,0097386201,DNIPROGAS,26476,2,1,0," ",hourly,0
3161,97,TEST,97XS5846180,0097386301,DNIPROGAS,5846,1,8,0," ",hourly,0
3162,97,TEST,97XS704581240,0097386401,DNIPROGAS,70458,1,24,0,,hourly,0
3163,97,TEST,97XS819410,0097386501,DNIPROGAS,819,4,1,0,,hourly,0
3164,97,TEST,97XS702291240,0097386601,DNIPROGAS,70229,1,24,0,,hourly,0
3165,97,TEST,97XS146110,0097386701,DNIPROGAS,146,1,1,0," ",hourly,0
3166,97,TEST,97XS222221150,0097386801,DNIPROGAS,22222,1,15,0,,hourly,0
3167,97,TEST,97XS6521150,0097386901,DNIPROGAS,6521,1,5,0," ",hourly,0
3168,97,TEST,97XS7420150,0097387001,DNIPROGAS,7420,1,5,0," ",hourly,0
3169,97,TEST,97XS1453320,0097387101,DNIPROGAS,1453,3,2,0," ",hourly,0
3170,97,TEST,97XS4578150,0097387201,DNIPROGAS,4578,1,5,0," ",hourly,0
3171,97,TEST,97XS9932320,0097387301,DNIPROGAS,9932,3,2,0," ",hourly,0
3172,97,TEST,97XS57140,0097387401,DNIPROGAS,57,1,4,0," ",hourly,0
3173,97,TEST,97XS4723150,0097387501,DNIPROGAS,4723,1,5,0," ",hourly,0
3174,97,TEST,97XS3658410,0097387601,DNIPROGAS,3658,4,1,0,,hourly,0
3175,97,TEST,97XS520175160,0097387701,DNIPROGAS,52017,5,16,0,"Пушкинская 109",hourly,0
3176,97,TEST,97XS8621220,0097387801,DNIPROGAS,8621,2,2,0," ",hourly,0
3177,97,TEST,97XS8355150,0097387901,DNIPROGAS,8355,1,5,0," ",hourly,0
3178,97,TEST,97XS28220210,0097388001,DNIPROGAS,28220,2,1,0," ",hourly,0
3179,97,TEST,97XS13121110,0097388101,DNIPROGAS,1312,1,11,0," ",hourly,0
3180,97,TEST,97XS725120,0097388201,DNIPROGAS,725,1,2,0," ",hourly,0
3181,97,TEST,97XS5710180,0097388301,DNIPROGAS,5710,1,8,0," ",hourly,0
3182,97,TEST,97XS27172210,0097388401,DNIPROGAS,27172,2,1,0," ",hourly,0
3183,97,TEST,97XS12201110,0097388501,DNIPROGAS,1220,1,11,0," ",hourly,0
3184,97,TEST,97XS2424320,0097388601,DNIPROGAS,2424,3,2,0," ",hourly,0
3185,97,TEST,97XS43033210,0097388701,DNIPROGAS,43033,2,1,0," ",hourly,0
3186,97,TEST,97XS1043320,0097388801,DNIPROGAS,1043,3,2,0," ",hourly,0
3187,97,TEST,97XS7313320,0097388901,DNIPROGAS,7313,3,2,0," ",hourly,0
3188,97,TEST,97XS300001250,0097389001,DNIPROGAS,30000,1,25,0,,hourly,0
3189,97,TEST,97XS3010140,0097389101,DNIPROGAS,3010,1,4,0," ",hourly,0
3190,97,TEST,97XS9228320,0097389201,DNIPROGAS,9228,3,2,0," ",hourly,0
3191,97,TEST,97XS9228321,0097389301,DNIPROGAS,9228,3,2,1," ",hourly,0
3192,97,TEST,97XS28435210,0097389401,DNIPROGAS,28435,2,1,0," ",hourly,0
3193,97,TEST,97XS7865150,0097389501,DNIPROGAS,7865,1,5,0," ",hourly,0
3194,97,TEST,97XS5962150,0097389601,DNIPROGAS,5962,1,5,0," ",hourly,0
3195,97,TEST,97XS21120,0097389701,DNIPROGAS,21,1,2,0," ",hourly,0
3196,97,TEST,97XS10186320,0097389801,DNIPROGAS,10186,3,2,0," ",hourly,0
3197,97,TEST,97XS6681150,0097389901,DNIPROGAS,6681,1,5,0," ",hourly,0
3198,97,TEST,97XS6062150,0097390001,DNIPROGAS,6062,1,5,0," ",hourly,0
3199,97,TEST,97XS227625120,0097390101,DNIPROGAS,22762,5,12,0," ",hourly,0
3200,97,TEST,97XS81143910,0097390201,DNIPROGAS,81143,9,1,0," ",hourly,0
3201,97,TEST,97XS7151150,0097390301,DNIPROGAS,7151,1,5,0," ",hourly,0
3202,97,TEST,97XS11012321,0097390401,DNIPROGAS,11012,3,2,1," ",hourly,0
3203,97,TEST,97XS6549150,0097390501,DNIPROGAS,6549,1,5,0," ",hourly,0
3204,97,TEST,97XS554410,0097390601,DNIPROGAS,554,4,1,0,,hourly,0
3205,97,TEST,97XS8022150,0097390701,DNIPROGAS,8022,1,5,0," ",hourly,0
3206,97,TEST,97XS11337321,0097390801,DNIPROGAS,11337,3,2,1," ",hourly,0
3207,97,TEST,97XS11337320,0097390901,DNIPROGAS,11337,3,2,0," ",hourly,0
3208,97,TEST,97XS29355210,0097391001,DNIPROGAS,29355,2,1,0," ",hourly,0
3209,97,TEST,97XS271120,0097391101,DNIPROGAS,271,1,2,0," ",hourly,0
3210,97,TEST,97XS6502150,0097391201,DNIPROGAS,6502,1,5,0," ",hourly,0
3211,97,TEST,97XS29889210,0097391301,DNIPROGAS,29889,2,1,0," ",hourly,0
3212,97,TEST,97XS29290210,0097391401,DNIPROGAS,29290,2,1,0," ",hourly,0
3213,97,TEST,97XS4043320,0097391501,DNIPROGAS,4043,3,2,0," ",hourly,0
3214,97,TEST,97XS5573320,0097391601,DNIPROGAS,5573,3,2,0," ",hourly,0
3215,97,TEST,97XS2364140,0097391701,DNIPROGAS,2364,1,4,0," ",hourly,0
3216,97,TEST,97XS5582180,0097391801,DNIPROGAS,5582,1,8,0," ",hourly,0
3217,97,TEST,97XS28324210,0097391901,DNIPROGAS,28324,2,1,0," ",hourly,0
3218,97,TEST,97XS7481110,0097392001,DNIPROGAS,748,1,11,0," ",hourly,0
3219,97,TEST,97XS13851110,0097392101,DNIPROGAS,1385,1,11,0," ",hourly,0
3220,97,TEST,97XS9169310,0097392201,DNIPROGAS,9169,3,1,0," ",hourly,0
3221,97,TEST,97XS28983210,0097392301,DNIPROGAS,28983,2,1,0," ",hourly,0
3222,97,TEST,97XS884120,0097392401,DNIPROGAS,884,1,2,0," ",hourly,0
3223,97,TEST,97XS19400210,0097392501,DNIPROGAS,19400,2,1,0," ",hourly,0
3224,97,TEST,97XS1165310,0097392601,DNIPROGAS,1165,3,1,0," ",hourly,0
3225,97,TEST,97XS8848220,0097392701,DNIPROGAS,8848,2,2,0," ",hourly,0
3226,97,TEST,97XS11012320,0097392801,DNIPROGAS,11012,3,2,0," ",hourly,0
3227,97,TEST,97XS18182910,0097392901,DNIPROGAS,18182,9,1,0," ",hourly,0
3228,97,TEST,97XS905110,0097393001,DNIPROGAS,90,51,1,0,"ВK-011 No1-",hourly,0
3229,97,TEST,97XS26347210,0097393101,DNIPROGAS,26347,2,1,0," ",hourly,0
3230,97,TEST,97XS7366150,0097393201,DNIPROGAS,7366,1,5,0," ",hourly,0
3231,97,TEST,97XS730771240,0097393301,DNIPROGAS,73077,1,24,0,,hourly,0
3232,97,TEST,97XS81311910,0097393401,DNIPROGAS,81311,9,1,0," ",hourly,0
3233,97,TEST,97XS8959321,0097393501,DNIPROGAS,8959,3,2,1," ",hourly,0
3234,97,TEST,97XS220120,0097393601,DNIPROGAS,220,1,2,0," ",hourly,0
3235,97,TEST,97XS10131110,0097393701,DNIPROGAS,1013,1,11,0," ",hourly,0
3236,97,TEST,97XS8201321,0097393801,DNIPROGAS,8201,3,2,1," ",hourly,0
3237,97,TEST,97XS8201320,0097393901,DNIPROGAS,8201,3,2,0," ",hourly,0
3238,97,TEST,97XS8959320,0097394001,DNIPROGAS,8959,3,2,0," ",hourly,0
3239,97,TEST,97XS646011240,0097394101,DNIPROGAS,64601,1,24,0,,hourly,0
3240,97,TEST,97XS10142320,0097394201,DNIPROGAS,10142,3,2,0," ",hourly,0
3241,97,TEST,97XS5533180,0097394301,DNIPROGAS,5533,1,8,0," ",hourly,0
3242,97,TEST,97XS6066150,0097394401,DNIPROGAS,6066,1,5,0," ",hourly,0
3243,97,TEST,97XS28647210,0097394501,DNIPROGAS,28647,2,1,0," ",hourly,0
3244,97,TEST,97XS3132410,0097394601,DNIPROGAS,3132,4,1,0,,hourly,0
3245,97,TEST,97XS10861310,0097394701,DNIPROGAS,10861,3,1,0," ",hourly,0
3246,97,TEST,97XS8913320,0097394801,DNIPROGAS,8913,3,2,0," ",hourly,0
3247,97,TEST,97XS4935180,0097394901,DNIPROGAS,4935,1,8,0," ",hourly,0
3248,97,TEST,97XS19179210,0097395001,DNIPROGAS,19179,2,1,0," ",hourly,0
3249,97,TEST,97XS7319150,0097395101,DNIPROGAS,7319,1,5,0," ",hourly,0
3250,97,TEST,97XS4052150,0097395201,DNIPROGAS,4052,1,5,0," ",hourly,0
3251,97,TEST,97XS747691240,0097395301,DNIPROGAS,74769,1,24,0,,hourly,0
3252,97,TEST,97XS6070150,0097395401,DNIPROGAS,6070,1,5,0," ",hourly,0
3253,97,TEST,97XS2859410,0097395501,DNIPROGAS,2859,4,1,0," ",hourly,0
3254,97,TEST,97XS6769150,0097395601,DNIPROGAS,6769,1,5,0," ",hourly,0
3255,97,TEST,97XS18261210,0097395701,DNIPROGAS,18261,2,1,0," ",hourly,0
3256,97,TEST,97XS30705330,0097395801,DNIPROGAS,30705,3,3,0," ",hourly,0
3257,97,TEST,97XS28255210,0097395901,DNIPROGAS,28255,2,1,0," ",hourly,0
3258,97,TEST,97XS28638210,0097396001,DNIPROGAS,28638,2,1,0," ",hourly,0
3259,97,TEST,97XS747701240,0097396101,DNIPROGAS,74770,1,24,0,,hourly,0
3260,97,TEST,97XS43255210,0097396201,DNIPROGAS,43255,2,1,0," ",hourly,0
3261,97,TEST,97XS441120,0097396301,DNIPROGAS,44,1,12,0," ",hourly,0
3262,97,TEST,97XS7375320,0097396401,DNIPROGAS,7375,3,2,0," ",hourly,0
3263,97,TEST,97XS7375321,0097396501,DNIPROGAS,7375,3,2,1," ",hourly,0
3264,97,TEST,97XS29515210,0097396601,DNIPROGAS,29515,2,1,0," ",hourly,0
3265,97,TEST,97XS5025150,0097396701,DNIPROGAS,5025,1,5,0," ",hourly,0
3266,97,TEST,97XS43481210,0097396801,DNIPROGAS,43481,2,1,0," ",hourly,0
3267,97,TEST,97XS1274410,0097396901,DNIPROGAS,1274,4,1,0,,hourly,0
3268,97,TEST,97XS4868150,0097397001,DNIPROGAS,4868,1,5,0," ",hourly,0
3269,97,TEST,97XS7589320,0097397101,DNIPROGAS,7589,3,2,0," ",hourly,0
3270,97,TEST,97XS28755210,0097397201,DNIPROGAS,28755,2,1,0," ",hourly,0
3271,97,TEST,97XS6446150,0097397301,DNIPROGAS,6446,1,5,0," ",hourly,0
3272,97,TEST,97XS8801320,0097397401,DNIPROGAS,8801,3,2,0," ",hourly,0
3273,97,TEST,97XS3060120,0097397501,DNIPROGAS,3060,1,2,0," ",hourly,0
3274,97,TEST,97XS6122150,0097397601,DNIPROGAS,6122,1,5,0," ",hourly,0
3275,97,TEST,97XS10745310,0097397701,DNIPROGAS,10745,3,1,0," ",hourly,0
3276,97,TEST,97XS10139321,0097397801,DNIPROGAS,10139,3,2,1," ",hourly,0
3277,97,TEST,97XS7259150,0097397901,DNIPROGAS,7259,1,5,0," ",hourly,0
3278,97,TEST,97XS10139320,0097398001,DNIPROGAS,10139,3,2,0," ",hourly,0
3279,97,TEST,97XS4941180,0097398101,DNIPROGAS,4941,1,8,0," ",hourly,0
3280,97,TEST,97XS5958150,0097398201,DNIPROGAS,5958,1,5,0," ",hourly,0
3281,97,TEST,97XS2670320,0097398301,DNIPROGAS,2670,3,2,0," ",hourly,0
3282,97,TEST,97XS3515320,0097398401,DNIPROGAS,3515,3,2,0," ",hourly,0
3283,97,TEST,97XS2991420,0097398501,DNIPROGAS,2991,4,2,0,,hourly,0
3284,97,TEST,97XS3515321,0097398601,DNIPROGAS,3515,3,2,1," ",hourly,0
3285,97,TEST,97XS10711110,0097398701,DNIPROGAS,1071,1,11,0," ",hourly,0
3286,97,TEST,97XS28784210,0097398801,DNIPROGAS,28784,2,1,0," ",hourly,0
3287,97,TEST,97XS9135320,0097398901,DNIPROGAS,9135,3,2,0," ",hourly,0
3288,97,TEST,97XS7193150,0097399001,DNIPROGAS,7193,1,5,0," ",hourly,0
3289,97,TEST,97XS9883220,0097399101,DNIPROGAS,9883,2,2,0," ",hourly,0
3290,97,TEST,97XS9598321,0097399201,DNIPROGAS,9598,3,2,1," ",hourly,0
3291,97,TEST,97XS9598320,0097399301,DNIPROGAS,9598,3,2,0," ",hourly,0
3292,97,TEST,97XS742120,0097399401,DNIPROGAS,742,1,2,0," ",hourly,0
3293,97,TEST,97XS4481150,0097399501,DNIPROGAS,4481,1,5,0," ",hourly,0
3294,97,TEST,97XS5786180,0097399601,DNIPROGAS,5786,1,8,0," ",hourly,0
3295,97,TEST,97XS11119320,0097399701,DNIPROGAS,11119,3,2,0," ",hourly,0
3296,97,TEST,97XS2498140,0097399801,DNIPROGAS,2498,1,4,0," ",hourly,0
3297,97,TEST,97XS7180,0097399901,DNIPROGAS,7,1,8,0,,hourly,0
3298,97,TEST,97XS4143320,0097400001,DNIPROGAS,4143,3,2,0," ",hourly,0
3299,97,TEST,97XS8116150,0097400101,DNIPROGAS,8116,1,5,0," ",hourly,0
3300,97,TEST,97XS26399210,0097400201,DNIPROGAS,26399,2,1,0," ",hourly,0
3301,97,TEST,97XS29391210,0097400301,DNIPROGAS,29391,2,1,0," ",hourly,0
3302,97,TEST,97XS3143140,0097400401,DNIPROGAS,3143,1,4,0," ",hourly,0
3303,97,TEST,97XS562140,0097400501,DNIPROGAS,562,1,4,0," ",hourly,0
3304,97,TEST,97XS1184511010,0097400601,DNIPROGAS,11845,1,101,0," ",hourly,0
3305,97,TEST,97XS3783310,0097400701,DNIPROGAS,3783,3,1,0," ",hourly,0
3306,97,TEST,97XS14091110,0097400801,DNIPROGAS,1409,1,11,0,,hourly,0
3307,97,TEST,97XS675851240,0097400901,DNIPROGAS,67585,1,24,0," ",hourly,0
3308,97,TEST,97XS11285320,0097401001,DNIPROGAS,11285,3,2,0," ",hourly,0
3309,97,TEST,97XS4293320,0097401101,DNIPROGAS,4293,3,2,0," ",hourly,0
3310,97,TEST,97XS227625160,0097401201,DNIPROGAS,22762,5,16,0,,hourly,0
3311,97,TEST,97XS521725120,0097401301,DNIPROGAS,52172,5,12,0," ",hourly,0
3312,97,TEST,97XS2386120,0097401401,DNIPROGAS,2386,1,2,0," ",hourly,0
3313,97,TEST,97XS15505160,0097401501,DNIPROGAS,1550,5,16,0,ZTest1,hourly,0
3314,97,TEST,97XS907320,0097401601,DNIPROGAS,907,3,2,0," ",hourly,0
3315,97,TEST,97XS621230,0097401701,DNIPROGAS,621,2,3,0," ",hourly,0
3316,97,TEST,97XS2501110,0097401801,DNIPROGAS,250,1,11,0," ",hourly,0
3317,97,TEST,97XS10191320,0097401901,DNIPROGAS,10191,3,2,0," ",hourly,0
3318,97,TEST,97XS10191321,0097402001,DNIPROGAS,10191,3,2,1," ",hourly,0
3319,97,TEST,97XS7027910,0097402101,DNIPROGAS,7027,9,1,0," ",hourly,0
3320,97,TEST,97XS215471170,0097402201,DNIPROGAS,21547,1,17,0,,hourly,0
3321,97,TEST,97XS51550510,0097402301,DNIPROGAS,51550,5,1,0," ",hourly,0
3322,97,TEST,97XS687671240,0097402401,DNIPROGAS,68767,1,24,0,,hourly,0
3323,97,TEST,97XS7077320,0097402501,DNIPROGAS,7077,3,2,0," ",hourly,0
3324,97,TEST,97XS10331320,0097402601,DNIPROGAS,10331,3,2,0," ",hourly,0
3325,97,TEST,97XS527120,0097402701,DNIPROGAS,527,1,2,0," ",hourly,0
3326,97,TEST,97XS17643210,0097402801,DNIPROGAS,17643,2,1,0," ",hourly,0
3327,97,TEST,97XS11521110,0097402901,DNIPROGAS,1152,1,11,0," ",hourly,0
3328,97,TEST,97XS5837410,0097403001,DNIPROGAS,5837,4,1,0,,hourly,0
3329,97,TEST,97XS9232220,0097403101,DNIPROGAS,9232,2,2,0," ",hourly,0
3330,97,TEST,97XS514711240,0097403201,DNIPROGAS,51471,1,24,0,,hourly,0
3331,97,TEST,97XS81225910,0097403301,DNIPROGAS,81225,9,1,0," ",hourly,0
3332,97,TEST,97XS29779210,0097403401,DNIPROGAS,29779,2,1,0," ",hourly,0
3333,97,TEST,97XS6305150,0097403501,DNIPROGAS,6305,1,5,0," ",hourly,0
3334,97,TEST,97XS8062320,0097403601,DNIPROGAS,8062,3,2,0," ",hourly,0
3335,97,TEST,97XS8062321,0097403701,DNIPROGAS,8062,3,2,1," ",hourly,0
3336,97,TEST,97XS3595320,0097403801,DNIPROGAS,3595,3,2,0," ",hourly,0
3337,97,TEST,97XS2180,0097403901,DNIPROGAS,2,1,8,0,,hourly,0
3338,97,TEST,97XS9567910,0097404001,DNIPROGAS,9567,9,1,0," ",hourly,0
3339,97,TEST,97XS6525150,0097404101,DNIPROGAS,6525,1,5,0," ",hourly,0
3340,97,TEST,97XS5765321,0097404201,DNIPROGAS,5765,3,2,1," ",hourly,0
3341,97,TEST,97XS5765320,0097404301,DNIPROGAS,5765,3,2,0," ",hourly,0
3342,97,TEST,97XS7375220,0097404401,DNIPROGAS,7375,2,2,0," ",hourly,0
3343,97,TEST,97XS8282321,0097404501,DNIPROGAS,8282,3,2,1," ",hourly,0
3344,97,TEST,97XS8282320,0097404601,DNIPROGAS,8282,3,2,0," ",hourly,0
3345,97,TEST,97XS10840310,0097404701,DNIPROGAS,10840,3,1,0," ",hourly,0
3346,97,TEST,97XS5521110,0097404801,DNIPROGAS,552,1,11,0," ",hourly,0
3347,97,TEST,97XS3671120,0097404901,DNIPROGAS,3671,1,2,0," ",hourly,0
3348,97,TEST,97XS43588210,0097405001,DNIPROGAS,43588,2,1,0," ",hourly,0
3349,97,TEST,97XS8175150,0097405101,DNIPROGAS,8175,1,5,0," ",hourly,0
3350,97,TEST,97XS2671120,0097405201,DNIPROGAS,2671,1,2,0," ",hourly,0
3351,97,TEST,97XS29079210,0097405301,DNIPROGAS,29079,2,1,0," ",hourly,0
3352,97,TEST,97XS5071320,0097405401,DNIPROGAS,5071,3,2,0," ",hourly,0
3353,97,TEST,97XS18100910,0097405501,DNIPROGAS,18100,9,1,0," ",hourly,0
3354,97,TEST,97XS2291120,0097405601,DNIPROGAS,229,1,12,0," ",hourly,0
3355,97,TEST,97XS9558220,0097405701,DNIPROGAS,9558,2,2,0," ",hourly,0
3356,97,TEST,97XS5071321,0097405801,DNIPROGAS,5071,3,2,1," ",hourly,0
3357,97,TEST,97XS214140,0097405901,DNIPROGAS,214,1,4,0," ",hourly,0
3358,97,TEST,97XS18143910,0097406001,DNIPROGAS,18143,9,1,0," ",hourly,0
3359,97,TEST,97XS4931110,0097406101,DNIPROGAS,493,1,11,0," ",hourly,0
3360,97,TEST,97XS7804150,0097406201,DNIPROGAS,7804,1,5,0," ",hourly,0
3361,97,TEST,97XS43349210,0097406301,DNIPROGAS,43349,2,1,0," ",hourly,0
3362,97,TEST,97XS11811110,0097406401,DNIPROGAS,1181,1,11,0," ",hourly,0
3363,97,TEST,97XS517965160,0097406501,DNIPROGAS,51796,5,16,0,,hourly,0
3364,97,TEST,97XS7278150,0097406601,DNIPROGAS,7278,1,5,0," ",hourly,0
3365,97,TEST,97XS5631410,0097406701,DNIPROGAS,5631,4,1,0,,hourly,0
3366,97,TEST,97XS702461240,0097406801,DNIPROGAS,70246,1,24,0,,hourly,0
3367,97,TEST,97XS13771110,0097406901,DNIPROGAS,1377,1,11,0," ",hourly,0
3368,97,TEST,97XS11152590,0097407001,DNIPROGAS,11152,5,9,0," ",hourly,0
3369,97,TEST,97XS8477150,0097407101,DNIPROGAS,8477,1,5,0," ",hourly,0
3370,97,TEST,97XS6962150,0097407201,DNIPROGAS,6962,1,5,0," ",hourly,0
3371,97,TEST,97XS43208210,0097407301,DNIPROGAS,43208,2,1,0," ",hourly,0
3372,97,TEST,97XS4905110,0097407401,DNIPROGAS,490,51,1,0,"ВK-011 No1-",hourly,0
3373,97,TEST,97XS6410150,0097407501,DNIPROGAS,6410,1,5,0," ",hourly,0
3374,97,TEST,97XS2745120,0097407601,DNIPROGAS,2745,1,2,0," ",hourly,0
3375,97,TEST,97XS3633410,0097407701,DNIPROGAS,3633,4,1,0," ",hourly,0
3376,97,TEST,97XS2030410,0097407801,DNIPROGAS,2030,4,1,0," ",hourly,0
3377,97,TEST,97XS8322321,0097407901,DNIPROGAS,8322,3,2,1," ",hourly,0
3378,97,TEST,97XS8322320,0097408001,DNIPROGAS,8322,3,2,0," ",hourly,0
3379,97,TEST,97XS11151110,0097408101,DNIPROGAS,1115,1,11,0," ",hourly,0
3380,97,TEST,97XS27615120,0097408201,DNIPROGAS,2761,5,12,0,,hourly,0
3381,97,TEST,97XS6819150,0097408301,DNIPROGAS,6819,1,5,0," ",hourly,0
3382,97,TEST,97XS10941110,0097408401,DNIPROGAS,1094,1,11,0," ",hourly,0
3383,97,TEST,97XS7700150,0097408501,DNIPROGAS,7700,1,5,0," ",hourly,0
3384,97,TEST,97XS19143210,0097408601,DNIPROGAS,19143,2,1,0," ",hourly,0
3385,97,TEST,97XS747711240,0097408701,DNIPROGAS,74771,1,24,0,,hourly,0
3386,97,TEST,97XS6487150,0097408801,DNIPROGAS,6487,1,5,0," ",hourly,0
3387,97,TEST,97XS3333320,0097408901,DNIPROGAS,3333,3,2,0," ",hourly,0
3388,97,TEST,97XS6463310,0097409001,DNIPROGAS,6463,3,1,0," ",hourly,0
3389,97,TEST,97XS4116320,0097409101,DNIPROGAS,4116,3,2,0," ",hourly,0
3390,97,TEST,97XS9425220,0097409201,DNIPROGAS,9425,2,2,0," ",hourly,0
3391,97,TEST,97XS560361240,0097409301,DNIPROGAS,56036,1,24,0,,hourly,0
3392,97,TEST,97XS10272320,0097409401,DNIPROGAS,10272,3,2,0," ",hourly,0
3393,97,TEST,97XS43632210,0097409501,DNIPROGAS,43632,2,1,0," ",hourly,0
3394,97,TEST,97XS9344220,0097409601,DNIPROGAS,9344,2,2,0," ",hourly,0
3395,97,TEST,97XS13105910,0097409701,DNIPROGAS,13105,9,1,0," ",hourly,0
3396,97,TEST,97XS7386320,0097409801,DNIPROGAS,7386,3,2,0," ",hourly,0
3397,97,TEST,97XS977140,0097409901,DNIPROGAS,977,1,4,0," ",hourly,0
3398,97,TEST,97XS7745150,0097410001,DNIPROGAS,7745,1,5,0," ",hourly,0
3399,97,TEST,97XS966590,0097410101,DNIPROGAS,966,5,9,0," ",hourly,0
3400,97,TEST,97XS966591,0097410201,DNIPROGAS,966,5,9,1," ",hourly,0
3401,97,TEST,97XS5789180,0097410301,DNIPROGAS,5789,1,8,0," ",hourly,0
3402,97,TEST,97XS1085140,0097410401,DNIPROGAS,1085,1,4,0," ",hourly,0
3403,97,TEST,97XS30012340,0097410501,DNIPROGAS,30012,3,4,0," ",hourly,0
3404,97,TEST,97XS9759320,0097410601,DNIPROGAS,9759,3,2,0," ",hourly,0
3405,97,TEST,97XS2149310,0097410701,DNIPROGAS,2149,3,1,0," ",hourly,0
3406,97,TEST,97XS928320,0097410801,DNIPROGAS,928,3,2,0," ",hourly,0
3407,97,TEST,97XS8228150,0097410901,DNIPROGAS,8228,1,5,0," ",hourly,0
3408,97,TEST,97XS29815210,0097411001,DNIPROGAS,29815,2,1,0," ",hourly,0
3409,97,TEST,97XS6691110,0097411101,DNIPROGAS,669,1,11,0," ",hourly,0
3410,97,TEST,97XS8601220,0097411201,DNIPROGAS,8601,2,2,0," ",hourly,0
3411,97,TEST,97XS515505160,0097411301,DNIPROGAS,51550,5,16,0,ZTest1,hourly,0
3412,97,TEST,97XS6530150,0097411401,DNIPROGAS,6530,1,5,0," ",hourly,0
3413,97,TEST,97XS574711240,0097411501,DNIPROGAS,57471,1,24,0,,hourly,0
3414,97,TEST,97XS7137320,0097411601,DNIPROGAS,7137,3,2,0," ",hourly,0
3415,97,TEST,97XS3028140,0097411701,DNIPROGAS,3028,1,4,0," ",hourly,0
3416,97,TEST,97XS29120210,0097411801,DNIPROGAS,29120,2,1,0," ",hourly,0
3417,97,TEST,97XS16642210,0097411901,DNIPROGAS,16642,2,1,0," ",hourly,0
3418,97,TEST,97XS3598320,0097412001,DNIPROGAS,3598,3,2,0," ",hourly,0
3419,97,TEST,97XS10371110,0097412101,DNIPROGAS,1037,1,11,0," ",hourly,0
3420,97,TEST,97XS8041910,0097412201,DNIPROGAS,8041,9,1,0," ",hourly,0
3421,97,TEST,97XS8217150,0097412301,DNIPROGAS,8217,1,5,0," ",hourly,0
3422,97,TEST,97XS18121910,0097412401,DNIPROGAS,18121,9,1,0," ",hourly,0
3423,97,TEST,97XS18225210,0097412501,DNIPROGAS,18225,2,1,0," ",hourly,0
3424,97,TEST,97XS849120,0097412601,DNIPROGAS,849,1,2,0," ",hourly,0
3425,97,TEST,97XS203421240,0097412701,DNIPROGAS,20342,1,24,0," ",hourly,0
3426,97,TEST,97XS2388420,0097412801,DNIPROGAS,2388,4,2,0,,hourly,0
3427,97,TEST,97XS8713320,0097412901,DNIPROGAS,8713,3,2,0," ",hourly,0
3428,97,TEST,97XS25242210,0097413001,DNIPROGAS,25242,2,1,0," ",hourly,0
3429,97,TEST,97XS3315140,0097413101,DNIPROGAS,3315,1,4,0," ",hourly,0
3430,97,TEST,97XS238140,0097413201,DNIPROGAS,238,1,4,0," ",hourly,0
3431,97,TEST,97XS25392210,0097413301,DNIPROGAS,25392,2,1,0," ",hourly,0
3432,97,TEST,97XS503765160,0097413401,DNIPROGAS,50376,5,16,0,"Генеевка ЗОШ",hourly,0
3433,97,TEST,97XS9522320,0097413501,DNIPROGAS,9522,3,2,0," ",hourly,0
3434,97,TEST,97XS458120,0097413601,DNIPROGAS,458,1,2,0," ",hourly,0
3435,97,TEST,97XS7117320,0097413701,DNIPROGAS,7117,3,2,0," ",hourly,0
3436,97,TEST,97XS7280220,0097413801,DNIPROGAS,7280,2,2,0," ",hourly,0
3437,97,TEST,97XS10721110,0097413901,DNIPROGAS,1072,1,11,0," ",hourly,0
3438,97,TEST,97XS4180,0097414001,DNIPROGAS,4,1,8,0,,hourly,0
3439,97,TEST,97XS684230,0097414101,DNIPROGAS,684,2,3,0," ",hourly,0
3440,97,TEST,97XS4790150,0097414201,DNIPROGAS,4790,1,5,0," ",hourly,0
3441,97,TEST,97XS5771110,0097414301,DNIPROGAS,577,1,11,0," ",hourly,0
3442,97,TEST,97XS18131310,0097414401,DNIPROGAS,18131,3,1,0," ",hourly,0
3443,97,TEST,97XS11921110,0097414501,DNIPROGAS,1192,1,11,0," ",hourly,0
3444,97,TEST,97XS4294953311516,0097414601,DNIPROGAS,4294953311,5,16,0," ",hourly,0
3445,97,TEST,97XS212721160,0097414701,DNIPROGAS,21272,1,16,0," ",hourly,0
3446,97,TEST,97XS3180,0097414801,DNIPROGAS,3,1,8,0,,hourly,0
3447,97,TEST,97XS5555180,0097414901,DNIPROGAS,5555,1,8,0,,hourly,0
3448,97,TEST,97XS6029321,0097415001,DNIPROGAS,6029,3,2,1," ",hourly,0
3449,97,TEST,97XS6029320,0097415101,DNIPROGAS,6029,3,2,0," ",hourly,0
3450,97,TEST,97XS3429410,0097415201,DNIPROGAS,3429,4,1,0,,hourly,0
3451,97,TEST,97XS518475120,0097415301,DNIPROGAS,51847,5,12,0," ",hourly,0
3452,97,TEST,97XS39121210,0097415401,DNIPROGAS,39121,2,1,0," ",hourly,0
3453,97,TEST,97XS1624120,0097415501,DNIPROGAS,1624,1,2,0," ",hourly,0
3454,97,TEST,97XS10889320,0097415601,DNIPROGAS,10889,3,2,0," ",hourly,0
3455,97,TEST,97XS9081220,0097415701,DNIPROGAS,9081,2,2,0," ",hourly,0
3456,97,TEST,97XS3243120,0097415801,DNIPROGAS,3243,1,2,0," ",hourly,0
3457,97,TEST,97XS7683150,0097415901,DNIPROGAS,7683,1,5,0," ",hourly,0
3458,97,TEST,97XS5790180,0097416001,DNIPROGAS,5790,1,8,0," ",hourly,0
3459,97,TEST,97XS6756150,0097416101,DNIPROGAS,6756,1,5,0," ",hourly,0
3460,97,TEST,97XS1521120,0097416201,DNIPROGAS,152,1,12,0," ",hourly,0
3461,97,TEST,97XS8375320,0097416301,DNIPROGAS,8375,3,2,0," ",hourly,0
3462,97,TEST,97XS7123320,0097416401,DNIPROGAS,7123,3,2,0," ",hourly,0
3463,97,TEST,97XS624411240,0097416501,DNIPROGAS,62441,1,24,0,,hourly,0
3464,97,TEST,97XS15515160,0097416601,DNIPROGAS,1551,5,16,0,,hourly,0
3465,97,TEST,97XS2881320,0097416701,DNIPROGAS,2881,3,2,0," ",hourly,0
3466,97,TEST,97XS671091240,0097416801,DNIPROGAS,67109,1,24,0,,hourly,0
3467,97,TEST,97XS9180,0097416901,DNIPROGAS,9,1,8,0,,hourly,0
3468,97,TEST,97XS1898320,0097417001,DNIPROGAS,1898,3,2,0," ",hourly,0
3469,97,TEST,97XS146410,0097417101,DNIPROGAS,146,4,1,0,,hourly,0
3470,97,TEST,97XS11155321,0097417201,DNIPROGAS,11155,3,2,1," ",hourly,0
3471,97,TEST,97XS8180,0097417301,DNIPROGAS,8,1,8,0,,hourly,0
3472,97,TEST,97XS2058321,0097417401,DNIPROGAS,2058,3,2,1," ",hourly,0
3473,97,TEST,97XS9027220,0097417501,DNIPROGAS,9027,2,2,0," ",hourly,0
3474,97,TEST,97XS10101110,0097417601,DNIPROGAS,1010,1,11,0," ",hourly,0
3475,97,TEST,97XS11471110,0097417701,DNIPROGAS,1147,1,11,0," ",hourly,0
3476,97,TEST,97XS9568220,0097417801,DNIPROGAS,9568,2,2,0," ",hourly,0
3477,97,TEST,97XS28571210,0097417901,DNIPROGAS,28571,2,1,0," ",hourly,0
3478,97,TEST,97XS8979320,0097418001,DNIPROGAS,8979,3,2,0," ",hourly,0
3479,97,TEST,97XS8929320,0097418101,DNIPROGAS,8929,3,2,0," ",hourly,0
3480,97,TEST,97XS6635150,0097418201,DNIPROGAS,6635,1,5,0," ",hourly,0
3481,97,TEST,97XS26108210,0097418301,DNIPROGAS,26108,2,1,0," ",hourly,0
3482,97,TEST,97XS2769140,0097418401,DNIPROGAS,2769,1,4,0," ",hourly,0
3483,97,TEST,97XS6636320,0097418501,DNIPROGAS,6636,3,2,0," ",hourly,0
3484,97,TEST,97XS2058320,0097418601,DNIPROGAS,2058,3,2,0," ",hourly,0
3485,97,TEST,97XS5180,0097418701,DNIPROGAS,5,1,8,0,,hourly,0
3486,97,TEST,97XS43444210,0097418801,DNIPROGAS,43444,2,1,0," ",hourly,0
3487,97,TEST,97XS6102320,0097418901,DNIPROGAS,6102,3,2,0," ",hourly,0
3488,97,TEST,97XS1320,0097419001,DNIPROGAS,1,3,2,0," ",hourly,0
3489,97,TEST,97XS9577320,0097419101,DNIPROGAS,9577,3,2,0," ",hourly,0
3490,97,TEST,97XS7507150,0097419201,DNIPROGAS,7507,1,5,0," ",hourly,0
3491,97,TEST,97XS9518220,0097419301,DNIPROGAS,9518,2,2,0," ",hourly,0
3492,97,TEST,97XS7649910,0097419401,DNIPROGAS,7649,9,1,0," ",hourly,0
3493,97,TEST,97XS11042320,0097419501,DNIPROGAS,11042,3,2,0," ",hourly,0
3494,97,TEST,97XS2342320,0097419601,DNIPROGAS,2342,3,2,0," ",hourly,0
3495,97,TEST,97XS2342321,0097419701,DNIPROGAS,2342,3,2,1," ",hourly,0
3496,97,TEST,97XS8223150,0097419801,DNIPROGAS,8223,1,5,0," ",hourly,0
3497,97,TEST,97XS9151321,0097419901,DNIPROGAS,9151,3,2,1," ",hourly,0
3498,97,TEST,97XS9151320,0097420001,DNIPROGAS,9151,3,2,0," ",hourly,0
3499,97,TEST,97XS5655310,0097420101,DNIPROGAS,5655,3,1,0," ",hourly,0
3500,97,TEST,97XS636151240,0097420201,DNIPROGAS,63615,1,24,0,,hourly,0
3501,97,TEST,97XS7572150,0097420301,DNIPROGAS,7572,1,5,0," ",hourly,0
3502,97,TEST,97XS19375210,0097420401,DNIPROGAS,19375,2,1,0," ",hourly,0
3503,97,TEST,97XS11155320,0097420501,DNIPROGAS,11155,3,2,0," ",hourly,0
3504,97,TEST,97XS6859150,0097420601,DNIPROGAS,6859,1,5,0," ",hourly,0
3505,97,TEST,97XS2155120,0097420701,DNIPROGAS,2155,1,2,0," ",hourly,0
3506,97,TEST,97XS3144140,0097420801,DNIPROGAS,3144,1,4,0," ",hourly,0
3507,97,TEST,97XS7286150,0097420901,DNIPROGAS,7286,1,5,0," ",hourly,0
3508,97,TEST,97XS8107150,0097421001,DNIPROGAS,8107,1,5,0," ",hourly,0
3509,97,TEST,97XS1905320,0097421101,DNIPROGAS,1905,3,2,0," ",hourly,0
3510,97,TEST,97XS6703320,0097421201,DNIPROGAS,6703,3,2,0," ",hourly,0
3511,97,TEST,97XS4960150,0097421301,DNIPROGAS,4960,1,5,0," ",hourly,0
3512,97,TEST,97XS6180,0097421401,DNIPROGAS,6,1,8,0,,hourly,0
3513,97,TEST,97XS29823210,0097421501,DNIPROGAS,29823,2,1,0," ",hourly,0
3514,97,TEST,97XS3335110,0097421601,DNIPROGAS,333,51,1,0,"ВK-011  No333",hourly,0
3515,97,TEST,97XS9351110,0097421701,DNIPROGAS,935,1,11,0," ",hourly,0
3516,97,TEST,97XS687041240,0097421801,DNIPROGAS,68704,1,24,0,,hourly,0
3517,97,TEST,97XS26604210,0097421901,DNIPROGAS,26604,2,1,0," ",hourly,0
3518,97,TEST,97XS38623210,0097422001,DNIPROGAS,38623,2,1,0," ",hourly,0
3519,97,TEST,97XS8882320,0097422101,DNIPROGAS,8882,3,2,0," ",hourly,0
3520,97,TEST,97XS4522320,0097422201,DNIPROGAS,4522,3,2,0," ",hourly,0
3521,97,TEST,97XS998877180,0097422301,DNIPROGAS,998877,1,8,0,,hourly,0
3522,97,TEST,97XS100101110,0097422401,DNIPROGAS,10010,1,11,0," ",hourly,0
3523,97,TEST,97XS9571110,0097422501,DNIPROGAS,957,1,11,0," ",hourly,0
3524,97,TEST,97XS7177150,0097422601,DNIPROGAS,7177,1,5,0," ",hourly,0
3525,97,TEST,97XS3427410,0097422701,DNIPROGAS,3427,4,1,0," ",hourly,0
3526,97,TEST,97XS1291120,0097422801,DNIPROGAS,129,1,12,0," ",hourly,0
3527,97,TEST,97XS9637320,0097422901,DNIPROGAS,9637,3,2,0," ",hourly,0
3528,97,TEST,97XS43174210,0097423001,DNIPROGAS,43174,2,1,0," ",hourly,0
3529,97,TEST,97XS6972150,0097423101,DNIPROGAS,6972,1,5,0," ",hourly,0
3530,97,TEST,97XS5502321,0097423201,DNIPROGAS,5502,3,2,1," ",hourly,0
3531,97,TEST,97XS5502320,0097423301,DNIPROGAS,5502,3,2,0," ",hourly,0
3532,97,TEST,97XS25287210,0097423401,DNIPROGAS,25287,2,1,0," ",hourly,0
3533,97,TEST,97XS18162910,0097423501,DNIPROGAS,18162,9,1,0," ",hourly,0
3534,97,TEST,97XS2336410,0097423601,DNIPROGAS,2336,4,1,0," ",hourly,0
3535,97,TEST,97XS38624210,0097423701,DNIPROGAS,38624,2,1,0," ",hourly,0
3536,97,TEST,97XS11148321,0097423801,DNIPROGAS,11148,3,2,1," ",hourly,0
3537,97,TEST,97XS3365140,0097423901,DNIPROGAS,3365,1,4,0," ",hourly,0
3538,97,TEST,97XS5548321,0097424001,DNIPROGAS,5548,3,2,1," ",hourly,0
3539,97,TEST,97XS11148320,0097424101,DNIPROGAS,11148,3,2,0," ",hourly,0
3540,97,TEST,97XS5548320,0097424201,DNIPROGAS,5548,3,2,0," ",hourly,0
3541,97,TEST,97XS43388210,0097424301,DNIPROGAS,43388,2,1,0," ",hourly,0
3542,97,TEST,97XS18105910,0097424401,DNIPROGAS,18105,9,1,0," ",hourly,0
3543,97,TEST,97XS30352330,0097424501,DNIPROGAS,30352,3,3,0," ",hourly,0
3544,97,TEST,97XS10116320,0097424601,DNIPROGAS,10116,3,2,0," ",hourly,0
3545,97,TEST,97XS2388410,0097424701,DNIPROGAS,2388,4,1,0,,hourly,0
3546,97,TEST,97XS30515330,0097424801,DNIPROGAS,30515,3,3,0," ",hourly,0
3547,97,TEST,97XS11251110,0097424901,DNIPROGAS,1125,1,11,0," ",hourly,0
3548,97,TEST,97XS27625120,0097425001,DNIPROGAS,2762,5,12,0," ",hourly,0
3549,91,testSept23,56XSO000000009102,0091428501,VINNITCAGAS,6995,1,5,0,,hourly,0
3550,91,testSept23_2,56XSO000000009103,0091428601,VINNITCAGAS,6995,1,5,0,,hourly,0
3551,91,testSept23_TRADE,56XSO000000009304,0091428701,VINNITCAGAS,6995,1,5,0,,hourly,0
